feature,importance
casos_medidor_manip,8540.249
consumos_dimi,8167.969
insp_por_cuenta_set,7321.141
perc_notif_causal4_distrito,6931.134
recupero_marca,6394.438
recup_prom_set,6134.277
min_diff,5689.939
barrido_perc_marca,5025.438
efectividad_distrito,4592.946
diff_cons_6m_24m,4263.031
insp_por_cuenta_distrito,4092.298
perc_notif_causal4_marca,3907.491
recup_prom_causal4_marca,3353.368
insp_por_cuenta_marca,3254.898
cv_cons_24m,2467.606
notif_otros_causal_distrito,2149.848
nro_notif_causal4_distrito,1401.116
potencia,1387.981
pro_cons_12m,976.34
dist_pri_lectura,878.015
std_cons_6m,690.939
tipo_fase_M,405.96
consumos_0,157.516
longitud,0.799
