cuenta,q01_promedio_ant,q02_promedio_ant,q03_promedio_ant,q01_promedio_post,q02_promedio_post,q03_promedio_post,pro_cons_6m,pro_cons_12m,notif_causal1
01-00000,166.68,474.01,367.15,259.5,443.92,312.98,207.34,211.91,0
01-00001,588.71,476.64,351.03,462.51,567.73,323.35,316.77,340.98,0
01-00002,381.28,451.57,306.46,370.07,423.45,218.81,399.75,409.72,0
01-00003,553.62,286.7,245.79,665.3,120.24,229.9,424.56,419.77,0
01-00004,510.55,486.42,502.23,316.86,418.4,415.74,362.65,375.03,2
01-00005,342.82,281.33,126.5,267.96,117.77,116.07,104.7,91.23,3
01-00006,311.33,599.83,523.56,390.81,658.62,486.47,159.19,141.65,5
01-00007,103.31,568.31,194.31,206.72,473.17,266.04,379.01,379.22,4
01-00008,107.46,462.97,238.85,97.59,459.33,191.43,389.95,399.2,3
01-00009,304.4,461.1,531.7,203.23,495.55,439.34,491.88,433.7,4
01-00010,491.22,360.19,498.38,485.37,323.89,505.26,100.5,106.9,5
01-00011,553.4,245.19,547.29,619.22,147.4,528.18,375.53,385.34,5
01-00012,498.12,498.62,525.96,537.95,435.44,634.69,305.87,265.47,7
01-00013,173.53,163.79,598.0,249.47,151.99,534.66,411.23,462.4,7
01-00014,152.59,530.32,340.79,66.97,509.23,293.0,212.08,194.19,6
01-00015,297.49,261.71,484.43,151.38,169.96,596.69,373.45,319.39,0
01-00016,559.12,504.67,134.21,607.46,674.64,132.52,173.83,171.12,2
01-00017,317.81,523.76,366.07,327.37,529.7,393.3,277.33,294.89,3
01-00018,486.33,115.68,570.0,517.63,155.91,509.8,447.71,511.71,1
01-00019,131.66,120.46,490.95,0.0,0.0,517.87,144.15,138.13,1
01-00020,126.75,353.71,324.06,110.98,344.31,252.11,209.29,204.26,4
01-00021,283.98,498.12,561.27,128.12,424.96,527.87,198.37,176.37,4
01-00022,322.97,210.78,97.65,334.57,228.77,37.17,292.96,270.34,5
01-00023,534.13,548.51,386.45,478.99,517.19,425.88,412.04,392.47,0
01-00024,105.82,239.87,378.81,19.32,172.39,500.6,443.89,387.79,7
01-00025,394.64,285.7,352.66,311.17,289.41,443.96,444.61,391.45,7
01-00026,341.05,467.06,329.28,319.65,518.34,311.05,151.17,151.73,1
01-00027,560.01,269.28,415.37,559.04,259.85,285.02,255.4,293.62,3
01-00028,354.2,389.34,259.28,310.68,343.09,187.16,168.06,142.97,7
01-00029,452.0,505.48,114.42,383.08,404.47,25.17,376.18,396.21,3
01-00030,308.44,211.79,557.58,391.88,126.68,555.96,100.6,103.22,2
01-00031,420.05,202.39,447.59,396.15,173.66,432.14,225.76,256.85,6
01-00032,517.01,429.39,330.12,613.03,484.27,274.32,282.76,247.81,7
01-00033,508.2,99.28,443.35,462.04,62.57,459.55,170.51,153.01,3
01-00034,143.07,538.55,393.24,129.92,539.17,337.21,144.95,153.38,5
01-00035,518.84,186.71,116.27,296.05,152.29,82.59,400.26,375.48,1
01-00036,340.5,286.82,257.05,240.34,202.94,311.64,401.74,398.6,7
01-00037,307.65,162.99,413.41,318.25,119.85,427.24,231.54,234.85,7
01-00038,400.16,268.68,367.42,362.09,227.79,445.32,476.46,436.44,4
01-00039,444.57,474.0,313.27,482.98,442.92,270.02,413.06,368.54,4
01-00040,408.04,567.84,80.78,349.69,531.65,36.22,443.4,493.69,4
01-00041,182.0,315.71,525.85,207.14,290.33,447.9,287.37,328.22,6
01-00042,119.08,449.0,590.38,106.92,454.57,480.76,215.19,221.07,4
01-00043,579.28,170.5,256.17,526.8,167.88,298.47,167.18,152.91,3
01-00044,531.46,175.63,230.09,634.27,75.61,75.69,134.46,139.04,6
01-00045,205.92,439.69,486.76,216.54,250.21,349.05,396.32,385.15,3
01-00046,558.83,93.32,442.38,634.19,0.0,381.26,383.15,418.36,1
01-00047,557.57,87.82,374.15,621.35,76.27,456.55,354.26,317.18,2
01-00048,119.06,596.82,160.91,93.68,495.74,116.83,393.7,346.36,6
01-00049,309.08,290.72,189.76,288.59,283.59,147.87,286.35,321.69,3
01-00050,575.09,349.83,566.63,719.4,211.08,477.36,110.09,125.1,1
01-00051,577.26,284.25,146.0,534.66,95.34,212.92,464.89,398.4,1
01-00052,571.12,358.52,434.92,444.16,342.37,386.02,223.06,193.61,6
01-00053,487.26,230.3,304.33,389.53,378.1,222.37,230.06,196.74,7
01-00054,187.07,184.83,428.47,144.09,222.58,280.84,418.51,391.89,2
01-00055,133.27,166.59,112.04,19.25,162.53,105.45,452.4,475.48,5
01-00056,336.24,263.19,472.69,298.08,279.62,250.03,316.15,282.39,6
01-00057,523.96,84.32,239.69,579.48,0.0,48.16,144.34,126.98,0
01-00058,237.61,441.62,422.58,241.1,441.65,398.14,416.29,422.11,7
01-00059,397.14,206.93,81.2,391.25,109.12,25.58,488.76,476.98,3
01-00060,404.36,376.79,585.43,482.77,385.73,455.21,186.22,184.66,4
01-00061,514.82,128.18,369.27,603.95,158.85,343.46,285.11,303.68,6
01-00062,114.47,89.95,236.85,95.72,0.0,162.22,194.79,216.05,2
01-00063,226.42,180.26,215.84,287.89,6.09,237.02,407.55,390.53,5
01-00064,203.64,590.07,271.38,230.42,562.51,281.25,215.41,230.77,6
01-00065,493.31,512.09,257.84,488.2,639.79,325.89,416.71,436.84,3
01-00066,425.74,581.66,523.31,302.91,684.54,578.0,345.18,357.15,6
01-00067,383.51,385.3,571.89,391.67,330.33,641.86,153.36,165.02,7
01-00068,523.17,134.24,539.8,501.24,30.65,594.79,318.84,329.63,7
01-00069,556.12,486.07,466.69,518.04,409.32,380.76,183.96,189.05,1
01-00070,124.43,105.54,517.04,0.0,133.77,563.6,356.42,386.58,7
01-00071,587.67,498.26,576.67,476.98,440.38,486.57,114.03,102.87,6
01-00072,448.03,234.44,265.1,513.63,107.53,207.53,459.93,509.97,1
01-00073,345.42,92.53,251.51,299.38,242.77,135.53,310.99,340.64,4
01-00074,384.82,587.26,567.02,442.07,521.99,685.39,150.0,144.33,5
01-00075,238.55,270.75,247.01,351.33,313.98,272.29,174.51,163.15,2
01-00076,96.71,184.52,107.43,59.22,2.47,151.6,136.63,140.82,5
01-00077,116.16,96.23,497.49,0.0,124.51,387.97,251.29,243.45,5
01-00078,96.02,488.73,379.15,177.48,514.93,303.23,283.24,297.57,7
01-00079,155.7,455.21,90.99,148.62,325.64,0.0,337.47,327.16,5
01-00080,270.01,115.73,370.62,438.55,115.68,369.07,355.84,388.2,5
01-00081,399.56,125.66,350.51,310.45,129.79,194.33,158.48,150.85,4
01-00082,259.82,149.76,163.58,280.51,156.26,359.05,242.27,206.38,6
01-00083,355.57,131.13,407.89,319.96,309.48,426.69,392.77,447.98,4
01-00084,122.59,385.41,286.62,199.63,421.63,302.96,223.24,230.56,5
01-00085,245.38,463.83,82.28,259.79,571.86,118.16,170.93,146.55,5
01-00086,455.67,223.72,274.16,377.94,14.4,81.64,264.0,246.02,5
01-00087,510.88,573.16,218.56,538.45,564.59,199.78,173.57,187.31,3
01-00088,262.33,478.15,136.16,234.45,429.93,49.45,456.93,403.58,6
01-00089,329.64,170.98,582.05,419.9,43.24,407.82,320.88,295.11,6
01-00090,103.73,177.38,135.99,17.99,187.95,33.87,107.52,99.21,7
01-00091,424.65,585.76,234.38,471.48,335.21,101.17,479.2,498.55,3
01-00092,209.13,308.53,396.52,195.43,224.35,358.48,329.15,369.73,7
01-00093,409.01,187.23,514.3,196.78,139.87,428.55,384.14,423.4,4
01-00094,484.12,471.13,313.41,402.86,493.73,445.96,117.75,106.13,4
01-00095,118.38,552.38,276.13,142.49,614.22,206.35,211.21,193.22,6
01-00096,287.03,290.45,282.19,172.74,394.99,287.32,485.54,491.02,2
01-00097,514.73,97.15,315.88,516.77,0.0,237.27,413.4,409.15,6
01-00098,249.81,233.29,457.18,140.5,305.26,359.25,375.81,396.5,2
01-00099,229.78,337.68,110.09,103.64,370.62,0.0,147.73,168.62,3
01-00100,338.55,256.16,324.5,333.3,245.53,291.82,268.59,286.69,6
01-00101,467.1,475.83,413.52,464.53,469.83,307.78,457.74,455.35,3
01-00102,486.46,166.96,280.96,441.67,97.97,262.6,111.48,95.39,3
01-00103,446.95,319.92,399.9,420.84,307.18,278.07,198.07,193.04,2
01-00104,185.14,488.85,373.68,112.75,458.7,295.31,105.39,100.3,3
01-00105,558.93,273.69,125.88,502.12,171.64,195.61,470.7,533.1,3
01-00106,319.61,381.99,415.55,427.22,348.25,412.02,224.26,209.85,6
01-00107,458.0,138.89,450.07,516.36,193.41,284.34,189.28,201.99,0
01-00108,388.92,312.48,302.89,419.31,299.81,201.27,134.26,114.94,5
01-00109,402.87,158.14,157.55,263.37,34.51,68.66,374.97,354.81,0
01-00110,387.8,320.21,488.8,422.72,379.58,460.57,444.18,460.32,5
01-00111,478.36,312.8,503.88,506.38,289.74,486.87,341.98,309.76,4
01-00112,329.65,269.99,403.03,276.8,189.49,449.87,364.03,311.61,2
01-00113,566.76,424.47,321.02,613.75,403.23,335.5,369.43,314.86,7
01-00114,396.82,177.54,266.38,308.77,202.67,272.57,141.54,125.01,5
01-00115,218.92,469.77,234.96,190.26,519.51,145.99,246.76,219.73,1
01-00116,567.59,116.05,414.94,576.57,153.79,347.94,293.62,285.57,6
01-00117,562.77,424.49,287.92,507.47,371.12,293.71,230.75,230.3,7
01-00118,113.5,499.85,317.92,23.41,560.43,351.39,297.41,256.46,3
01-00119,401.67,254.46,245.8,328.21,231.15,312.66,465.92,425.99,5
01-00120,576.42,331.99,532.33,380.14,416.83,593.69,372.53,360.39,1
01-00121,118.73,427.33,359.38,34.02,381.54,373.66,110.49,118.8,5
01-00122,122.92,89.77,517.33,71.8,9.99,383.12,129.42,128.65,3
01-00123,99.96,510.67,249.84,261.95,643.9,150.09,344.43,364.66,6
01-00124,416.8,138.37,95.18,401.39,86.06,56.2,215.1,220.86,4
01-00125,240.91,385.55,207.57,345.48,444.18,193.16,315.55,279.46,7
01-00126,175.59,502.96,457.08,282.45,748.82,403.12,321.11,297.44,2
01-00127,401.95,248.53,84.83,282.74,217.0,82.51,306.28,270.63,7
01-00128,366.67,291.2,271.86,521.65,282.94,252.58,190.04,212.22,1
01-00129,150.46,205.13,106.29,143.72,120.44,32.89,278.88,266.86,4
01-00130,195.1,284.49,410.22,349.32,289.51,420.73,101.38,105.18,5
01-00131,512.35,86.31,447.13,471.66,146.64,384.47,405.69,460.15,2
01-00132,499.82,363.68,498.1,491.43,369.36,556.17,106.8,114.25,2
01-00133,514.46,348.38,517.96,506.05,244.98,411.22,352.36,361.49,2
01-00134,97.27,432.53,494.53,187.81,487.24,499.13,323.87,360.93,3
01-00135,86.85,166.8,153.99,76.06,166.36,216.37,378.93,333.25,6
01-00136,328.04,543.58,390.64,335.59,428.47,240.77,253.88,264.77,5
01-00137,561.91,394.64,492.82,536.91,344.27,489.64,307.09,275.86,4
01-00138,262.85,151.49,400.09,355.96,191.0,382.39,442.34,428.92,6
01-00139,512.72,117.41,152.57,429.09,63.51,171.4,262.67,244.16,5
01-00140,195.13,558.78,135.27,117.69,504.73,108.65,227.43,252.0,4
01-00141,170.69,85.62,527.87,149.23,0.0,495.49,361.34,350.89,3
01-00142,89.41,382.95,344.97,0.0,412.37,276.15,198.09,203.76,6
01-00143,271.11,389.2,255.35,241.57,390.05,188.89,299.4,287.94,0
01-00144,537.52,236.36,96.11,515.09,181.52,106.56,445.07,419.3,1
01-00145,498.07,292.49,184.41,393.86,242.0,369.14,218.52,230.3,6
01-00146,381.96,252.67,306.56,318.54,163.49,348.14,239.27,204.79,2
01-00147,245.06,470.44,431.93,253.94,450.87,400.87,425.88,400.5,1
01-00148,204.59,255.65,230.76,177.82,242.09,281.35,201.33,194.55,7
01-00149,538.06,246.3,327.1,481.91,202.32,303.97,299.81,278.93,6
01-00150,460.05,531.15,226.14,412.21,488.4,217.53,304.97,324.26,7
01-00151,197.22,514.2,182.13,64.14,615.29,163.11,418.27,392.97,4
01-00152,126.21,114.84,193.27,99.87,25.28,123.38,103.62,116.51,0
01-00153,582.75,588.24,593.44,664.9,509.98,437.17,160.04,139.1,5
01-00154,317.69,578.08,361.52,197.25,564.55,185.66,444.59,407.92,2
01-00155,169.86,486.28,404.46,163.36,382.91,358.81,319.42,299.21,7
01-00156,266.01,196.39,98.12,334.75,258.28,0.0,433.03,482.68,2
01-00157,343.53,280.06,360.75,224.39,299.54,210.71,220.74,232.24,2
01-00158,181.03,387.9,309.85,176.17,479.01,246.25,437.94,449.05,2
01-00159,149.5,568.33,477.58,73.54,417.12,484.53,461.48,403.62,4
01-00160,419.93,468.53,280.17,337.84,477.67,339.81,367.92,378.62,5
01-00161,271.07,121.62,480.71,261.46,75.38,375.94,350.68,375.64,0
01-00162,268.39,439.41,266.31,279.82,361.87,225.08,339.58,316.16,2
01-00163,151.48,418.67,222.9,52.62,354.38,144.54,313.51,332.01,0
01-00164,244.96,545.38,333.54,248.72,487.55,293.02,464.26,415.63,0
01-00165,254.15,349.61,303.31,312.23,261.44,230.65,476.37,450.72,7
01-00166,111.67,404.43,474.41,111.03,258.01,524.11,337.49,322.05,5
01-00167,188.83,522.91,224.3,255.06,378.93,175.04,179.28,152.44,5
01-00168,108.42,387.03,128.17,33.28,327.03,73.5,109.89,111.3,2
01-00169,152.47,93.99,582.88,0.0,121.36,566.03,455.7,483.23,7
01-00170,171.82,168.22,550.45,4.07,53.2,573.26,493.92,514.13,0
01-00171,81.02,336.84,429.62,44.05,382.9,337.09,181.91,180.08,0
01-00172,514.31,265.95,379.95,347.5,225.36,415.56,427.94,414.05,5
01-00173,306.03,102.79,599.09,292.99,123.87,519.88,219.3,250.69,7
01-00174,397.58,262.89,534.07,473.54,191.78,665.72,280.48,302.29,6
01-00175,295.9,449.45,441.61,247.58,578.78,476.1,261.73,225.96,2
01-00176,530.5,536.25,563.34,531.32,546.56,412.4,172.66,179.04,2
01-00177,317.27,97.76,206.15,354.43,10.76,292.0,193.6,179.96,7
01-00178,97.48,519.48,229.58,49.34,545.08,347.99,341.49,353.01,2
01-00179,574.92,458.72,276.96,522.21,562.53,344.48,128.26,142.58,6
01-00180,154.44,403.54,368.35,75.48,439.35,375.48,216.53,203.45,7
01-00181,444.37,444.96,491.81,418.49,461.45,399.87,251.45,229.17,3
01-00182,448.15,182.96,256.55,308.53,222.51,67.96,443.28,456.59,2
01-00183,555.15,515.25,312.97,577.09,386.21,291.5,230.63,262.93,3
01-00184,123.51,190.39,147.84,320.88,207.0,184.71,302.45,329.72,2
01-00185,251.82,302.93,230.14,231.85,192.96,195.22,419.74,363.38,5
01-00186,431.89,333.23,383.02,357.68,479.06,259.17,418.61,360.96,0
01-00187,350.68,488.32,510.12,399.48,499.94,332.04,267.55,274.25,6
01-00188,509.67,103.6,502.0,541.56,20.72,533.15,190.32,167.92,2
01-00189,196.87,255.95,178.07,187.36,265.5,178.34,221.7,204.28,1
01-00190,431.92,531.02,242.66,422.48,624.81,236.94,184.6,173.53,3
01-00191,445.85,133.5,138.72,395.56,173.7,101.23,402.14,421.17,7
01-00192,490.25,459.37,287.99,280.38,590.23,212.08,243.76,213.52,4
01-00193,568.72,176.35,315.91,544.87,248.91,314.93,355.82,384.99,7
01-00194,570.87,142.29,321.3,541.12,38.17,281.24,106.48,97.4,2
01-00195,449.16,363.9,112.17,270.82,293.48,0.0,422.52,456.94,2
01-00196,406.14,221.77,199.48,448.92,166.87,182.97,221.96,199.43,4
01-00197,561.23,431.38,100.77,610.09,434.41,0.0,464.89,515.03,2
01-00198,392.39,171.36,462.76,296.97,85.69,369.98,127.56,136.56,6
01-00199,465.53,222.04,207.09,442.01,257.16,108.14,224.34,249.56,0
01-00200,93.2,494.83,461.81,0.0,520.76,378.7,202.48,209.89,5
01-00201,573.09,391.56,152.51,489.1,411.19,141.06,494.42,456.68,2
01-00202,459.95,106.81,385.51,379.37,132.08,390.46,142.08,121.75,0
01-00203,81.07,192.78,249.65,0.0,166.61,153.25,330.06,374.13,4
01-00204,359.03,437.24,171.33,394.13,220.88,278.2,487.26,500.67,3
01-00205,324.38,135.65,166.0,284.19,114.24,232.84,209.15,183.28,0
01-00206,429.36,220.72,130.13,386.83,194.21,45.16,428.38,419.88,0
01-00207,193.59,105.76,523.19,369.88,12.87,596.69,447.6,476.53,5
01-00208,104.13,158.79,423.61,66.44,128.81,440.04,447.26,493.14,2
01-00209,258.59,372.59,178.28,151.37,464.23,221.95,197.21,167.66,3
01-00210,407.95,207.14,306.23,521.94,73.64,375.83,221.9,243.34,7
01-00211,533.33,177.76,223.46,340.62,196.48,275.0,412.2,376.63,3
01-00212,562.38,461.91,591.83,538.69,522.59,602.83,453.94,390.73,7
01-00213,384.66,492.74,143.38,164.59,566.45,147.61,134.32,144.04,4
01-00214,433.01,203.92,153.77,447.81,115.1,122.31,243.72,214.49,2
01-00215,308.63,310.93,186.25,286.12,346.39,132.21,399.09,347.45,6
01-00216,128.49,397.12,328.81,14.94,353.97,282.75,112.5,101.68,5
01-00217,517.5,110.97,475.2,380.51,83.06,510.39,268.93,229.21,1
01-00218,375.39,206.82,514.93,412.24,298.98,399.42,313.28,304.88,0
01-00219,345.93,477.96,390.85,112.4,447.25,321.84,449.96,502.95,3
01-00220,368.24,272.09,495.63,366.42,167.31,351.73,333.59,295.59,3
01-00221,239.92,366.64,87.48,188.14,421.75,49.65,434.09,391.32,4
01-00222,276.94,582.58,166.28,124.31,478.26,114.0,380.0,417.76,7
01-00223,492.95,387.4,389.63,527.51,346.58,387.01,474.09,541.34,7
01-00224,149.97,236.9,199.24,40.68,97.53,255.87,242.18,213.43,7
01-00225,429.15,414.29,569.33,353.85,398.26,384.26,477.96,477.44,3
01-00226,128.58,421.24,134.45,62.94,243.67,170.67,275.02,277.54,6
01-00227,244.88,189.05,156.64,142.42,226.63,0.0,139.0,147.57,2
01-00228,184.68,165.98,340.88,41.69,51.78,302.93,311.67,299.19,7
01-00229,453.0,578.28,561.75,342.62,526.67,393.14,240.27,269.15,7
01-00230,270.71,525.11,97.67,142.3,475.83,73.86,101.95,101.96,0
01-00231,270.32,512.98,314.82,218.51,599.13,310.83,260.59,261.5,2
01-00232,210.37,299.09,348.15,288.91,290.78,268.42,315.16,343.41,7
01-00233,568.96,236.02,481.61,626.47,228.9,346.69,453.8,415.56,3
01-00234,133.58,259.9,434.96,39.73,125.46,392.85,306.9,293.05,5
01-00235,572.26,543.21,105.66,622.26,631.16,116.55,423.73,379.14,4
01-00236,304.91,168.73,402.76,139.9,0.0,502.56,217.62,196.89,3
01-00237,424.65,360.82,296.07,471.25,330.29,359.84,347.8,359.98,7
01-00238,188.18,186.91,407.79,49.81,47.69,440.47,241.29,223.82,3
01-00239,100.7,583.87,535.47,43.64,487.52,513.49,179.52,188.19,0
01-00240,344.61,160.12,180.9,202.62,0.0,47.91,432.99,469.4,4
01-00241,442.08,271.62,450.1,444.85,348.85,481.73,227.69,195.95,7
01-00242,533.68,537.43,305.45,437.84,463.31,234.88,212.8,201.57,4
01-00243,280.21,467.17,84.45,174.16,413.14,11.63,251.69,233.79,5
01-00244,308.71,529.0,116.24,290.54,534.39,199.93,358.13,334.9,1
01-00245,503.03,289.68,134.42,443.91,279.64,8.49,367.93,332.38,7
01-00246,276.18,124.23,350.03,248.33,37.4,222.6,322.74,321.02,0
01-00247,186.41,457.72,513.48,104.25,436.1,370.36,292.72,295.56,4
01-00248,549.22,390.85,532.62,414.66,410.91,385.84,464.45,475.94,6
01-00249,195.68,131.15,449.05,196.13,82.53,490.11,278.53,277.62,7
01-00250,590.31,256.2,214.59,636.94,243.98,96.48,207.98,195.38,6
01-00251,583.8,567.86,308.27,508.3,644.1,131.29,452.69,471.06,1
01-00252,132.68,119.01,524.36,128.39,0.0,462.73,449.43,397.69,6
01-00253,220.09,507.52,203.95,225.74,470.25,200.37,370.5,362.23,5
01-00254,413.62,134.71,296.99,311.13,50.65,272.2,403.84,349.52,4
01-00255,420.56,381.12,393.04,344.65,341.89,475.97,182.68,205.05,2
01-00256,502.82,575.2,364.55,405.19,461.2,404.42,459.66,498.49,7
01-00257,113.84,167.35,469.65,251.95,145.12,437.85,112.4,106.02,4
01-00258,532.34,159.53,586.56,459.19,150.5,688.07,385.73,362.82,0
01-00259,164.15,477.03,375.45,146.38,439.18,356.21,324.18,286.02,1
01-00260,84.26,402.0,118.08,49.9,326.07,173.18,424.61,384.81,7
01-00261,403.56,386.4,438.72,359.07,180.68,380.14,243.95,227.32,5
01-00262,543.25,128.25,197.19,501.82,25.59,230.83,429.22,459.11,6
01-00263,571.01,494.29,585.82,552.97,378.54,678.8,495.8,532.94,4
01-00264,268.63,261.67,316.87,146.96,236.27,304.27,422.29,372.06,6
01-00265,582.03,298.07,264.2,595.38,131.08,301.48,238.65,216.3,1
01-00266,138.16,197.6,434.47,132.59,186.69,494.6,294.86,283.38,4
01-00267,566.16,454.62,586.05,614.21,270.5,475.87,295.36,270.89,5
01-00268,440.06,362.75,226.46,363.71,443.66,129.12,382.03,340.24,0
01-00269,551.96,579.21,394.78,564.22,508.71,381.91,106.14,101.78,1
01-00270,321.79,91.04,393.31,420.78,161.89,433.63,442.42,421.56,1
01-00271,276.41,407.98,522.22,205.73,435.45,400.35,154.55,162.74,0
01-00272,514.68,259.38,293.81,457.1,405.9,243.36,335.57,324.1,2
01-00273,332.8,574.59,255.08,401.07,522.61,157.85,167.66,145.09,4
01-00274,172.32,515.19,159.32,122.48,492.64,124.42,314.75,330.66,0
01-00275,574.25,599.56,533.96,605.88,546.29,453.11,482.87,539.56,6
01-00276,94.07,517.22,565.25,12.62,422.67,497.62,195.61,174.22,3
01-00277,266.57,405.55,138.05,155.71,377.08,70.45,205.86,198.59,0
01-00278,528.31,176.99,130.36,341.77,221.27,102.57,249.24,267.1,2
01-00279,82.11,166.62,115.62,97.09,107.93,45.29,161.12,167.22,3
01-00280,397.14,223.25,387.94,402.62,159.12,259.67,100.46,95.26,7
01-00281,361.27,91.97,180.26,314.05,16.09,217.92,105.68,108.13,0
01-00282,123.19,583.25,293.35,0.0,599.84,234.65,213.43,241.95,5
01-00283,139.19,98.43,110.99,23.17,198.0,0.0,121.35,124.29,2
01-00284,283.59,449.23,254.56,314.56,582.85,279.15,293.31,329.08,3
01-00285,564.31,581.17,271.92,601.84,582.32,251.97,477.84,447.39,2
01-00286,142.44,388.86,536.97,9.38,110.8,526.49,381.58,392.91,1
01-00287,87.96,155.25,183.29,11.47,139.01,79.95,306.83,282.2,3
01-00288,148.66,202.84,575.87,114.0,241.69,521.04,213.76,186.59,6
01-00289,293.37,297.95,528.42,345.87,380.78,452.03,395.97,447.52,6
01-00290,112.01,220.99,331.7,0.0,129.84,291.46,182.81,181.19,7
01-00291,182.91,284.87,547.75,279.52,130.12,444.37,109.42,115.6,2
01-00292,296.0,146.81,252.6,278.18,175.42,152.11,210.89,213.97,4
01-00293,117.33,571.68,287.68,154.57,535.37,333.0,104.3,109.54,2
01-00294,263.53,475.02,496.8,306.58,479.07,379.01,460.92,428.38,2
01-00295,382.5,512.45,404.7,270.51,359.92,363.65,428.72,427.95,0
01-00296,118.84,232.74,542.02,84.74,227.98,516.93,201.47,183.75,4
01-00297,586.86,445.33,243.5,527.09,401.2,138.41,151.54,161.31,6
01-00298,503.39,304.74,364.53,556.05,288.21,450.7,233.83,234.65,6
01-00299,325.31,172.55,598.35,385.71,122.57,550.31,189.99,191.99,1
01-00300,138.0,320.37,462.31,18.51,368.24,425.51,394.53,433.26,2
01-00301,591.44,162.49,334.77,455.98,0.0,317.7,301.34,265.14,5
01-00302,247.89,284.66,170.92,292.95,353.3,267.75,147.67,144.89,4
01-00303,218.03,501.12,169.38,35.1,491.22,20.74,471.55,499.09,2
01-00304,296.11,475.7,103.09,214.76,554.03,160.48,315.27,351.73,4
01-00305,390.13,470.17,227.46,480.14,507.78,163.26,359.01,377.66,1
01-00306,584.35,264.6,368.24,661.67,275.88,381.57,389.08,336.42,6
01-00307,140.64,520.47,91.44,212.92,545.73,60.92,427.52,407.46,2
01-00308,99.77,139.71,150.54,82.08,154.29,0.0,306.79,321.77,7
01-00309,295.93,436.59,250.39,158.33,392.68,164.24,472.19,462.17,5
01-00310,589.11,341.1,518.98,434.51,448.19,548.09,405.15,372.96,7
01-00311,475.98,570.9,454.13,478.93,393.94,316.16,186.35,210.45,0
01-00312,280.09,190.07,461.33,64.13,184.77,412.74,337.6,287.98,7
01-00313,263.24,266.08,212.74,236.49,259.77,218.67,133.45,115.03,3
01-00314,98.09,510.7,255.1,0.0,387.74,54.81,391.28,333.01,3
01-00315,290.07,224.88,350.44,242.64,336.36,355.64,101.36,105.7,1
01-00316,282.69,463.1,347.37,254.44,403.45,256.05,363.0,334.97,2
01-00317,266.86,429.92,330.32,204.69,301.44,255.36,189.39,204.79,6
01-00318,288.75,269.95,403.39,246.64,410.44,448.97,420.02,365.62,4
01-00319,364.2,484.67,245.53,357.61,489.16,213.03,441.94,446.81,6
01-00320,454.32,154.64,399.48,358.21,100.88,449.9,200.54,191.93,6
01-00321,421.86,594.21,88.34,511.28,455.05,15.53,244.36,208.3,4
01-00322,285.92,201.49,553.13,269.92,154.57,621.93,455.27,519.71,6
01-00323,249.01,574.59,163.24,136.56,543.2,72.55,412.19,443.93,6
01-00324,378.73,105.28,324.62,306.44,44.51,234.42,313.35,350.54,5
01-00325,397.6,523.56,265.06,248.16,493.57,226.89,439.43,450.04,4
01-00326,369.88,357.15,599.54,423.7,218.33,551.24,216.68,222.12,4
01-00327,547.36,300.66,409.6,283.41,263.88,385.17,291.08,279.02,5
01-00328,355.97,319.58,234.9,376.75,237.19,118.52,479.04,532.94,4
01-00329,143.96,320.64,463.42,53.19,175.72,319.09,122.92,104.96,0
01-00330,113.52,494.66,390.62,0.0,427.51,323.0,110.61,103.06,1
01-00331,159.33,347.9,272.69,213.97,150.63,127.59,419.72,443.34,4
01-00332,232.65,389.23,82.01,139.98,325.64,87.38,190.8,165.52,5
01-00333,149.55,443.69,510.86,132.47,331.31,436.27,422.58,386.49,1
01-00334,288.8,198.55,472.61,321.17,240.33,365.75,159.94,146.98,0
01-00335,475.01,214.43,589.8,346.82,236.31,458.84,387.06,340.44,2
01-00336,172.43,557.4,211.81,107.51,523.72,185.22,456.44,518.94,0
01-00337,252.73,171.46,494.48,178.74,87.25,497.34,154.47,133.41,4
01-00338,490.39,359.55,227.25,498.9,255.44,100.29,464.53,430.97,3
01-00339,599.63,514.4,456.81,540.09,437.71,396.1,381.46,430.82,6
01-00340,555.47,175.29,358.98,468.37,0.0,213.51,489.83,487.6,1
01-00341,540.98,400.33,312.84,522.81,334.89,264.55,490.98,505.56,6
01-00342,484.54,320.47,591.59,548.85,299.11,490.77,218.48,201.33,3
01-00343,443.51,542.88,244.84,312.09,631.38,226.23,326.01,293.53,4
01-00344,137.03,301.6,301.25,175.02,359.99,234.89,106.14,100.85,1
01-00345,224.51,503.46,371.5,221.31,343.12,433.41,189.44,173.2,4
01-00346,222.56,508.97,154.76,211.28,506.97,127.62,118.87,130.81,6
01-00347,135.46,495.63,254.76,14.95,361.63,264.02,399.46,384.48,6
01-00348,101.56,236.85,509.32,0.0,220.86,591.4,324.47,338.85,4
01-00349,256.5,462.39,200.83,260.5,386.86,116.82,108.86,121.17,1
01-00350,440.52,282.39,567.15,438.77,243.56,573.05,206.9,190.38,7
01-00351,470.86,292.28,362.68,345.01,406.25,336.64,155.51,175.55,3
01-00352,157.17,479.71,278.7,28.28,597.33,339.21,144.58,153.85,3
01-00353,170.52,87.49,576.36,150.2,0.0,565.17,210.35,230.34,0
01-00354,273.17,350.13,457.18,262.38,332.65,540.62,370.04,400.84,2
01-00355,480.29,151.32,550.42,500.69,60.58,491.0,108.59,115.43,2
01-00356,366.53,565.11,146.29,356.64,374.54,138.85,227.94,243.38,7
01-00357,112.29,259.79,521.23,3.2,126.43,502.07,161.55,171.6,2
01-00358,135.07,538.15,405.47,0.0,337.69,389.66,207.33,186.34,6
01-00359,257.44,412.13,284.06,168.87,435.71,225.26,420.91,428.88,0
01-00360,291.12,216.02,159.05,233.48,144.8,16.57,325.54,326.1,4
01-00361,538.76,430.31,581.4,485.74,417.3,631.33,395.71,402.05,1
01-00362,570.14,599.29,84.09,553.35,626.08,145.84,230.12,224.26,1
01-00363,496.98,177.09,396.12,387.31,35.35,352.92,228.72,225.58,6
01-00364,252.57,328.05,550.58,250.69,302.38,488.64,283.03,314.66,6
01-00365,210.49,462.58,187.11,190.32,528.27,154.59,432.27,447.5,5
01-00366,586.03,259.02,583.47,567.17,233.34,522.47,273.93,250.09,4
01-00367,589.72,116.12,530.09,527.91,30.53,552.72,132.21,131.37,7
01-00368,541.53,595.08,275.77,627.12,552.67,251.01,385.97,409.42,3
01-00369,82.49,398.49,475.97,0.0,386.65,359.64,236.48,225.13,1
01-00370,525.11,532.66,466.98,499.23,537.36,398.77,222.33,248.46,3
01-00371,417.25,513.4,561.83,255.01,432.9,445.01,137.58,123.8,6
01-00372,118.27,236.87,578.82,18.8,235.65,576.86,232.93,229.01,1
01-00373,266.25,388.22,596.03,197.58,395.31,598.79,308.7,297.82,3
01-00374,139.37,83.22,538.16,76.27,9.27,509.86,151.41,146.69,3
01-00375,165.98,321.33,546.08,221.45,260.11,567.4,180.71,164.15,2
01-00376,441.46,100.81,313.79,255.04,67.72,298.08,404.99,360.74,6
01-00377,303.61,519.94,134.5,219.61,358.29,49.62,171.39,191.57,7
01-00378,530.32,534.03,352.55,525.58,511.89,278.69,481.56,518.49,1
01-00379,333.68,487.38,376.73,153.8,513.53,345.49,466.46,493.53,4
01-00380,166.55,352.65,140.3,85.86,383.92,5.74,173.44,147.53,6
01-00381,261.84,474.92,366.06,36.13,618.47,303.17,165.96,182.65,4
01-00382,437.2,258.83,275.96,493.43,254.4,259.38,499.28,556.6,0
01-00383,466.73,323.92,497.21,464.17,275.86,480.52,332.1,354.95,5
01-00384,310.59,545.85,489.94,135.79,501.73,376.53,129.57,114.04,4
01-00385,172.08,385.66,213.76,190.63,321.98,71.8,122.6,139.19,2
01-00386,520.35,121.67,436.04,520.75,55.38,453.08,187.19,182.98,5
01-00387,115.13,458.02,340.37,152.38,362.24,347.55,450.32,491.82,7
01-00388,512.32,561.18,349.98,393.72,445.32,458.21,180.48,169.21,7
01-00389,361.23,441.31,192.74,373.73,413.12,185.44,439.2,443.31,1
01-00390,117.43,356.95,261.11,41.62,330.12,256.57,436.4,457.02,0
01-00391,414.51,272.4,88.72,318.0,236.57,21.05,361.07,352.5,5
01-00392,516.17,205.34,218.71,411.49,88.87,328.25,123.01,107.98,4
01-00393,268.82,539.74,500.5,203.28,482.97,494.39,286.81,275.95,7
01-00394,117.06,383.05,152.6,0.0,546.44,28.55,346.02,331.54,2
01-00395,465.93,508.65,206.73,486.05,557.17,259.39,165.19,166.12,5
01-00396,171.98,199.0,484.55,320.5,289.69,400.15,425.39,403.18,4
01-00397,99.83,273.98,264.68,41.28,126.11,157.54,369.81,389.3,3
01-00398,186.34,286.24,428.77,187.65,393.6,421.98,122.57,140.87,7
01-00399,148.88,347.2,185.46,247.32,423.41,131.12,282.38,293.04,6
01-00400,114.07,523.22,192.68,95.89,451.41,153.9,428.96,401.69,6
01-00401,148.95,583.72,493.74,196.51,515.29,421.07,253.78,217.61,0
01-00402,383.75,455.13,371.48,166.07,300.34,353.84,251.87,244.52,7
01-00403,179.17,200.16,206.44,136.26,240.67,88.39,272.42,281.53,2
01-00404,203.0,370.82,544.06,301.08,422.31,500.75,158.53,134.9,2
01-00405,445.79,527.23,330.37,387.49,624.31,381.73,307.12,293.91,6
01-00406,252.82,487.26,254.36,342.59,393.92,170.56,308.84,329.36,4
01-00407,565.29,589.79,189.62,582.43,466.49,250.35,309.29,266.75,1
01-00408,284.64,132.82,133.9,257.8,74.44,50.29,367.04,401.08,0
01-00409,263.33,147.55,83.27,210.56,56.84,42.23,319.62,359.39,1
01-00410,85.9,127.92,478.38,89.11,159.05,444.53,400.24,420.12,3
01-00411,125.81,254.96,583.61,56.24,267.98,433.61,471.98,529.07,0
01-00412,325.9,179.29,477.19,324.69,291.14,362.27,452.81,448.32,2
01-00413,333.26,245.16,240.46,349.91,185.25,262.73,221.73,247.53,0
01-00414,342.85,189.64,147.83,370.26,183.46,84.5,237.24,217.16,7
01-00415,194.8,217.49,380.86,175.5,347.6,424.93,178.26,165.98,0
01-00416,458.63,176.81,104.66,405.69,127.65,151.41,101.14,109.95,2
01-00417,451.59,297.97,460.3,414.75,195.2,479.4,272.35,299.59,3
01-00418,319.63,594.73,581.73,282.92,603.52,609.51,401.64,375.15,3
01-00419,305.91,246.28,255.24,208.19,349.01,267.46,429.83,459.89,5
01-00420,281.21,214.12,396.94,143.72,244.88,374.05,101.42,92.74,4
01-00421,285.24,318.48,348.82,309.36,210.81,317.18,344.99,370.81,0
01-00422,103.95,370.96,207.01,118.9,224.37,174.01,360.86,328.1,1
01-00423,375.47,496.61,87.94,344.16,528.41,19.83,273.74,274.89,5
01-00424,260.09,456.12,143.96,117.61,512.14,94.99,438.97,467.26,0
01-00425,144.1,539.61,442.02,144.46,516.78,324.6,114.58,111.55,5
01-00426,559.24,452.49,494.37,471.28,491.32,413.11,435.74,411.82,5
01-00427,458.56,177.44,88.76,495.75,113.55,0.0,151.8,133.04,4
01-00428,212.03,546.89,135.75,149.74,577.98,34.31,233.43,215.79,6
01-00429,437.43,573.8,81.51,384.55,466.07,0.0,303.99,283.02,4
01-00430,216.43,257.62,153.32,158.13,184.92,167.06,439.23,382.03,0
01-00431,193.11,409.24,279.23,326.55,452.29,354.88,272.07,294.38,0
01-00432,149.99,344.68,239.45,105.03,307.07,244.81,305.31,284.97,4
01-00433,475.59,444.47,405.99,533.22,390.66,283.93,114.94,116.84,4
01-00434,435.31,195.6,114.38,283.58,163.2,148.02,389.57,353.74,4
01-00435,401.49,218.46,434.94,547.09,178.19,388.62,336.78,375.24,6
01-00436,277.7,537.46,367.63,91.22,387.69,392.69,212.92,216.59,2
01-00437,361.2,449.76,573.72,472.56,442.92,581.82,337.18,287.14,1
01-00438,168.96,248.49,201.67,83.36,349.81,204.04,432.12,483.32,0
01-00439,244.11,137.19,116.45,101.59,188.16,161.75,240.97,220.5,3
01-00440,368.29,297.1,352.58,510.34,278.63,355.16,484.9,532.38,6
01-00441,551.56,121.22,120.65,390.98,0.0,154.14,226.51,255.94,3
01-00442,383.83,111.37,448.19,461.47,150.86,431.4,277.79,292.82,6
01-00443,389.81,151.47,162.89,245.99,198.69,130.7,452.56,427.8,5
01-00444,450.68,122.66,163.64,469.97,178.14,213.73,386.63,405.17,4
01-00445,285.04,429.36,165.31,425.27,307.11,183.28,224.04,245.44,1
01-00446,273.77,509.72,519.09,243.12,548.94,575.65,138.47,127.05,5
01-00447,548.04,349.7,353.54,615.53,362.21,375.0,241.19,214.59,4
01-00448,202.0,479.64,366.16,155.11,461.74,302.83,381.17,411.51,1
01-00449,147.46,102.13,371.86,240.43,41.27,284.69,194.7,197.48,6
01-00450,463.19,565.87,149.5,460.2,616.08,127.55,225.27,223.75,4
01-00451,102.33,276.79,428.89,155.45,175.55,302.35,204.93,197.84,6
01-00452,149.68,238.11,474.43,101.64,174.37,328.71,333.23,339.63,2
01-00453,516.97,565.61,358.1,631.53,631.68,454.4,190.56,218.57,0
01-00454,147.19,298.09,508.34,130.04,52.39,396.12,362.22,329.49,1
01-00455,187.51,303.85,589.03,48.8,187.8,728.9,333.11,350.99,4
01-00456,259.22,366.22,529.79,139.73,248.27,408.88,147.88,144.49,6
01-00457,498.33,208.81,428.67,406.81,178.48,282.14,293.63,298.38,0
01-00458,454.93,144.61,420.23,319.15,81.65,280.3,278.79,298.4,1
01-00459,254.28,377.73,471.9,235.73,279.81,366.3,321.19,348.71,4
01-00460,472.68,276.28,218.86,343.15,159.66,223.61,171.7,189.64,2
01-00461,341.57,561.57,121.92,389.9,598.83,119.75,289.85,323.54,7
01-00462,292.47,295.04,147.94,199.51,260.18,155.88,242.38,278.27,4
01-00463,172.85,119.04,580.84,126.61,125.65,544.74,307.25,335.53,7
01-00464,300.45,567.33,280.74,245.57,411.55,156.14,265.1,248.07,4
01-00465,468.25,149.86,101.43,423.26,51.53,108.76,145.53,129.05,7
01-00466,413.35,268.01,195.97,401.02,316.81,103.96,231.79,243.08,1
01-00467,541.47,147.47,232.47,559.01,7.02,36.55,385.71,404.84,3
01-00468,527.75,206.03,528.16,725.41,288.26,414.94,221.36,222.93,7
01-00469,440.21,253.62,201.71,434.78,306.49,256.9,233.31,212.4,6
01-00470,590.51,581.44,303.23,646.62,586.28,309.28,161.23,177.12,2
01-00471,126.44,320.86,99.31,95.8,324.97,165.25,493.34,521.09,0
01-00472,340.12,238.76,564.3,338.52,234.4,566.08,413.79,370.87,2
01-00473,469.9,256.61,151.51,426.14,197.04,180.06,454.89,429.07,7
01-00474,403.48,543.03,246.03,240.29,463.01,262.42,177.71,169.27,5
01-00475,267.62,297.67,234.8,278.21,340.08,146.57,348.17,327.68,0
01-00476,332.82,583.05,552.48,249.03,733.46,493.95,324.6,280.05,2
01-00477,437.33,236.81,478.1,359.05,0.0,416.72,473.15,421.65,2
01-00478,173.18,223.93,541.96,237.04,230.61,383.14,160.0,166.11,5
01-00479,361.09,478.66,346.14,251.24,366.71,245.98,451.62,496.31,4
01-00480,213.74,438.38,499.23,31.49,473.22,475.61,205.21,179.24,0
01-00481,132.87,313.21,387.75,195.07,333.55,290.53,436.36,445.72,7
01-00482,283.2,131.29,371.46,231.62,126.71,312.72,375.01,332.15,5
01-00483,450.65,351.3,219.46,604.75,291.33,215.23,350.41,305.07,7
01-00484,280.72,82.5,405.88,311.67,11.05,431.33,223.1,256.42,4
01-00485,481.35,103.31,240.41,430.11,43.7,248.37,238.12,223.41,2
01-00486,312.92,473.68,469.15,245.05,514.78,404.64,145.66,130.41,7
01-00487,336.53,102.67,566.48,319.42,183.08,739.15,316.35,327.66,5
01-00488,129.66,476.24,202.06,70.64,502.59,167.65,405.13,463.58,1
01-00489,114.21,508.23,330.81,254.48,472.46,251.91,477.34,469.31,0
01-00490,123.39,559.09,344.28,210.58,548.39,377.63,240.46,236.1,1
01-00491,378.48,590.46,535.92,465.57,492.0,588.65,371.22,371.71,4
01-00492,395.61,505.18,95.1,372.49,525.54,224.76,265.61,290.78,2
01-00493,460.27,321.02,433.62,437.54,233.56,161.7,258.95,279.37,7
01-00494,361.91,320.94,385.19,438.17,315.85,369.66,438.17,413.7,7
01-00495,110.07,342.38,445.12,19.81,292.81,389.77,168.47,163.16,1
01-00496,119.11,355.73,176.0,134.59,321.91,206.18,144.16,151.06,7
01-00497,106.58,203.38,567.11,102.57,0.0,490.66,411.48,429.42,7
01-00498,315.53,512.46,340.07,267.17,420.74,445.01,456.09,442.69,3
01-00499,123.28,544.66,438.22,0.0,624.36,433.41,149.96,127.55,2
01-00500,438.83,271.54,135.24,396.7,160.49,247.39,176.11,182.1,0
01-00501,111.09,537.01,324.24,86.97,461.91,253.8,296.49,306.36,2
01-00502,287.84,221.23,241.58,173.06,171.31,302.1,342.46,375.93,1
01-00503,524.54,175.43,92.86,390.96,0.53,8.58,221.95,197.02,5
01-00504,84.36,180.17,540.08,0.0,0.0,429.33,207.22,224.19,1
01-00505,204.35,173.67,289.53,248.95,143.63,179.28,191.81,176.48,1
01-00506,598.44,179.29,456.22,759.67,287.46,374.43,317.7,279.68,5
01-00507,380.63,379.05,272.07,505.12,318.59,271.99,153.08,135.61,7
01-00508,371.46,208.44,437.31,296.8,125.96,377.79,144.67,140.28,2
01-00509,308.78,277.9,342.19,369.28,112.88,322.97,219.34,233.09,2
01-00510,135.74,465.43,236.51,0.0,430.64,164.71,427.32,423.56,5
01-00511,385.78,164.69,350.0,363.6,238.45,277.98,369.99,377.87,1
01-00512,253.89,415.0,361.24,221.95,300.32,414.87,429.32,479.18,1
01-00513,596.02,353.68,522.59,494.97,342.47,518.6,446.6,463.21,5
01-00514,480.57,121.89,441.2,370.88,106.04,515.49,253.19,236.51,1
01-00515,530.67,364.92,496.29,504.99,605.32,541.25,441.54,478.66,3
01-00516,92.73,482.34,334.04,228.74,489.58,428.12,275.51,291.03,0
01-00517,351.44,351.03,401.1,338.18,375.32,446.44,195.12,188.32,0
01-00518,433.66,515.93,393.14,388.29,502.38,527.92,401.66,412.9,2
01-00519,298.68,519.59,563.28,241.77,467.55,628.8,353.96,400.53,0
01-00520,299.53,356.74,367.06,376.52,246.06,314.63,244.65,262.39,7
01-00521,220.92,545.04,463.41,134.6,510.87,514.68,138.87,121.56,0
01-00522,589.98,471.93,209.99,623.53,454.74,233.2,292.39,269.64,2
01-00523,304.78,444.0,390.96,213.19,468.82,412.97,331.92,298.48,5
01-00524,145.32,329.59,596.45,58.16,218.74,587.73,195.86,203.6,0
01-00525,542.08,455.66,519.22,504.5,446.39,509.88,382.23,437.92,6
01-00526,564.93,453.33,227.92,539.9,436.64,228.1,349.71,374.29,0
01-00527,498.32,436.56,440.17,579.91,517.14,329.36,398.04,354.68,7
01-00528,327.22,101.21,411.94,370.91,54.53,361.34,329.53,297.93,6
01-00529,506.58,527.89,236.81,367.07,428.05,120.22,145.65,134.1,3
01-00530,416.18,245.18,130.34,361.63,312.79,114.94,305.27,266.06,7
01-00531,160.66,245.77,400.2,85.95,256.54,303.7,378.13,408.62,6
01-00532,463.84,576.27,313.05,557.69,587.9,314.63,260.22,271.39,5
01-00533,364.49,326.56,143.04,376.44,244.91,229.77,435.48,474.88,2
01-00534,487.29,285.69,399.72,398.41,280.45,353.78,258.33,243.7,3
01-00535,511.22,257.87,522.35,379.17,150.68,443.8,470.45,508.78,3
01-00536,299.38,186.33,592.36,279.72,135.17,607.6,189.04,206.01,5
01-00537,110.18,434.03,192.67,88.47,496.12,140.73,390.64,422.47,0
01-00538,573.11,164.5,347.16,427.82,67.46,161.65,448.32,506.47,1
01-00539,514.68,588.96,319.81,584.46,463.96,254.58,291.49,334.48,3
01-00540,124.28,548.96,318.28,69.63,563.99,231.75,275.64,246.32,7
01-00541,520.79,190.75,202.57,454.46,224.35,0.0,212.75,237.75,2
01-00542,572.51,93.64,230.38,659.15,179.16,250.74,306.7,302.34,2
01-00543,530.59,421.26,346.37,486.71,468.39,221.33,456.16,516.98,3
01-00544,253.25,80.77,255.22,83.74,45.73,172.62,392.21,413.16,4
01-00545,144.12,508.07,339.91,128.95,491.07,400.81,283.05,286.6,1
01-00546,484.64,210.25,328.13,623.93,182.22,213.83,279.47,319.65,6
01-00547,389.51,186.61,483.66,311.35,56.23,439.73,210.93,198.1,7
01-00548,343.87,452.07,297.14,409.01,506.38,333.53,292.26,316.32,3
02-00000,447.56,171.76,548.9,345.6,158.31,443.44,466.83,527.5,3
02-00001,299.26,421.18,471.82,242.37,374.35,345.03,136.87,145.62,1
02-00002,459.78,362.57,401.25,395.96,297.06,429.59,457.59,517.75,7
02-00003,539.06,304.43,520.65,539.2,253.53,428.69,136.14,154.86,4
02-00004,512.58,273.2,504.58,495.24,221.5,507.06,384.82,405.29,7
02-00005,565.17,467.07,140.73,459.9,457.55,69.62,176.45,183.78,7
02-00006,561.45,256.95,223.51,470.52,240.13,157.88,315.31,292.93,0
02-00007,246.16,265.45,526.04,234.5,265.35,562.56,295.02,285.85,4
02-00008,460.04,184.26,594.47,476.42,239.44,546.33,126.37,136.6,1
02-00009,183.89,484.84,514.21,138.76,449.52,520.81,267.08,245.34,6
02-00010,577.75,195.95,196.9,486.75,141.04,164.52,419.83,418.25,6
02-00011,273.64,380.43,477.02,261.29,343.97,545.39,448.73,515.99,6
02-00012,263.91,174.66,455.24,227.78,97.13,519.57,337.18,305.95,0
02-00013,577.99,260.71,221.24,515.08,139.28,287.51,106.5,107.29,5
02-00014,185.08,559.78,381.65,225.63,488.42,410.51,473.6,529.25,3
02-00015,413.6,291.07,488.22,302.81,339.22,358.06,167.84,148.44,7
02-00016,385.26,456.33,274.08,363.16,417.83,200.55,269.18,279.12,2
02-00017,405.33,297.12,409.74,368.23,346.08,458.49,225.06,248.46,4
02-00018,122.04,245.55,139.08,0.0,338.37,58.03,252.07,232.36,4
02-00019,401.44,536.89,438.28,425.92,488.96,295.12,100.5,99.58,3
02-00020,366.0,533.94,519.39,307.93,540.93,425.8,439.74,420.43,5
02-00021,461.23,128.34,594.39,439.1,173.9,518.29,218.07,246.04,3
02-00022,181.87,243.76,90.19,146.95,279.93,4.82,310.75,330.34,6
02-00023,340.97,232.54,537.07,274.53,141.18,584.95,267.99,243.65,5
02-00024,365.47,374.79,418.45,225.01,452.69,390.24,282.48,305.04,4
02-00025,188.58,341.43,412.1,308.58,336.95,331.06,366.3,391.66,2
02-00026,478.69,393.05,530.47,419.9,447.58,550.85,497.08,473.58,7
02-00027,452.82,577.76,104.24,408.61,408.89,77.82,368.28,391.71,1
02-00028,137.03,402.28,213.51,191.9,447.64,209.67,335.63,380.42,2
02-00029,142.49,224.67,382.66,227.65,215.99,322.28,184.1,168.94,5
02-00030,430.26,398.32,553.85,395.57,325.85,554.29,119.62,118.4,7
02-00031,212.23,427.82,110.71,171.6,321.84,15.85,485.33,513.35,1
02-00032,517.82,268.54,95.63,361.89,246.25,65.41,280.65,309.65,4
02-00033,220.15,182.77,227.96,304.52,142.72,284.09,195.75,166.44,7
02-00034,128.64,352.67,113.66,158.0,239.07,123.39,111.72,95.56,0
02-00035,207.82,572.42,273.2,171.5,451.02,146.06,121.97,137.68,3
02-00036,209.69,515.61,149.51,78.15,469.71,193.13,166.67,190.53,1
02-00037,508.47,169.54,322.53,384.28,294.8,210.58,339.71,324.84,2
02-00038,221.57,540.45,520.86,145.88,545.23,447.99,473.6,421.11,1
02-00039,131.61,280.29,121.96,0.0,283.51,188.1,480.74,479.28,0
02-00040,502.78,596.93,546.41,418.97,381.0,374.14,200.12,173.0,1
02-00041,588.56,546.04,487.94,416.0,597.09,473.8,257.16,226.13,4
02-00042,285.49,547.75,442.38,304.17,477.02,407.72,107.78,122.4,1
02-00043,101.0,420.11,460.12,42.64,305.81,391.23,267.02,288.41,4
02-00044,497.18,306.71,173.94,554.17,220.39,247.15,338.02,287.74,0
02-00045,470.59,570.18,331.72,622.17,481.71,200.89,166.01,180.45,2
02-00046,569.28,408.06,589.32,654.11,423.47,549.38,326.81,318.37,0
02-00047,278.48,358.45,126.03,157.03,292.26,145.02,100.3,98.17,7
02-00048,195.04,325.66,175.23,199.74,322.86,220.17,499.84,431.44,0
02-00049,315.97,100.22,279.46,186.13,0.0,372.34,287.24,276.09,1
02-00050,165.34,167.51,343.11,0.0,140.79,176.06,194.27,168.21,0
02-00051,282.57,291.49,538.58,271.76,320.6,405.95,226.46,243.94,4
02-00052,355.5,315.34,301.51,370.11,343.6,257.21,288.36,323.28,0
02-00053,449.67,406.67,422.67,400.6,370.02,328.52,441.8,391.79,5
02-00054,303.25,215.95,395.83,261.65,77.72,537.38,147.26,129.11,1
02-00055,395.98,178.81,566.97,360.41,174.32,711.77,181.68,175.27,0
02-00056,217.41,328.36,374.15,121.96,240.46,368.24,382.26,346.28,0
02-00057,410.04,441.22,307.07,431.48,383.09,200.3,371.51,330.24,7
02-00058,542.73,236.24,233.81,567.88,276.25,214.42,194.15,220.09,7
02-00059,542.96,266.14,94.74,507.07,248.92,0.0,379.4,333.02,3
02-00060,386.11,438.52,172.19,425.19,265.24,53.07,462.39,438.77,7
02-00061,233.21,415.62,114.98,151.9,487.2,94.0,217.83,214.8,1
02-00062,235.16,468.08,145.17,275.0,506.52,182.57,333.95,304.27,6
02-00063,218.4,320.32,330.65,194.29,279.11,319.35,348.58,307.72,4
02-00064,246.13,501.71,80.78,134.2,469.53,167.79,361.92,407.85,7
02-00065,303.35,134.25,147.67,265.07,1.14,94.75,139.34,134.39,2
02-00066,157.07,514.73,165.21,174.91,396.77,160.59,333.36,305.35,5
02-00067,411.15,515.27,436.65,317.11,565.5,352.46,186.68,173.96,0
02-00068,334.06,376.85,469.65,244.74,397.16,523.01,163.3,177.02,1
02-00069,222.2,487.04,101.68,130.39,336.84,58.08,263.16,239.86,5
02-00070,278.77,336.27,99.76,299.81,311.78,159.87,325.35,365.29,5
02-00071,97.16,426.97,557.62,129.13,333.91,613.79,371.37,414.18,5
02-00072,525.98,342.18,240.51,436.3,202.88,178.44,264.85,256.74,2
02-00073,90.02,152.72,304.71,89.74,0.0,239.41,306.9,274.13,4
02-00074,208.34,544.21,413.19,103.72,583.51,410.78,499.8,540.36,4
02-00075,237.29,477.5,493.56,207.86,571.65,420.36,222.34,191.96,3
02-00076,120.7,549.73,299.39,60.98,614.54,193.73,114.41,101.34,0
02-00077,313.24,339.84,464.25,258.28,167.99,518.6,282.45,271.74,6
02-00078,459.76,297.58,468.52,447.34,96.05,411.38,484.64,431.1,6
02-00079,239.13,214.99,516.9,231.97,175.14,475.0,167.3,176.45,7
02-00080,266.63,122.24,479.28,220.51,38.41,314.66,302.53,310.63,7
02-00081,469.53,140.7,292.75,538.72,173.29,301.29,111.33,119.33,4
02-00082,228.3,518.98,131.96,339.94,590.2,0.0,471.23,462.85,7
02-00083,327.74,565.72,461.04,391.81,453.29,420.21,241.07,215.32,1
02-00084,411.78,241.28,191.2,465.62,245.23,168.19,199.13,199.69,3
02-00085,94.63,145.1,459.16,64.22,196.41,417.81,354.55,378.03,2
02-00086,548.5,445.2,599.44,501.64,441.14,548.68,209.06,219.0,4
02-00087,161.17,279.34,393.51,106.36,306.64,400.93,261.77,245.74,1
02-00088,284.78,365.33,236.46,219.3,356.7,177.39,297.76,266.85,6
02-00089,457.76,402.0,335.3,309.55,405.25,220.23,294.29,286.97,7
02-00090,549.19,339.9,118.0,480.53,322.51,63.31,178.47,199.61,5
02-00091,425.27,376.32,276.97,364.16,345.55,274.99,216.6,204.86,3
02-00092,440.23,321.71,265.07,437.7,282.14,183.45,479.38,407.54,4
02-00093,86.71,491.26,125.56,86.54,419.17,144.51,490.99,478.21,6
02-00094,529.16,448.81,329.8,553.19,279.05,289.14,179.45,182.84,6
02-00095,411.43,199.66,170.8,421.91,202.59,210.92,148.69,149.75,6
02-00096,89.56,196.57,333.28,45.22,146.65,276.21,115.43,127.62,0
02-00097,251.68,173.72,269.99,238.08,0.0,276.96,106.25,100.24,4
02-00098,326.89,351.42,277.35,276.24,378.86,400.29,461.68,408.32,6
02-00099,175.55,214.29,574.46,283.51,199.06,533.65,403.08,415.58,2
02-00100,108.45,523.34,253.2,106.61,510.31,187.83,396.4,337.36,5
02-00101,521.49,537.5,346.89,426.28,511.33,387.47,257.25,265.82,5
02-00102,346.33,248.42,536.95,366.79,299.87,644.07,491.39,484.05,7
02-00103,294.45,461.84,207.66,192.34,430.57,137.8,281.94,282.53,6
02-00104,239.62,518.65,172.77,83.74,445.03,0.0,335.31,293.6,2
02-00105,411.2,457.9,386.36,330.68,520.13,365.93,458.56,410.16,2
02-00106,587.14,288.78,596.9,614.23,131.12,765.55,303.92,265.65,5
02-00107,588.0,258.79,197.26,515.12,53.06,177.32,175.6,192.1,2
02-00108,537.23,592.59,201.27,413.17,614.26,234.09,206.95,229.49,0
02-00109,415.58,373.69,544.33,372.03,246.99,547.1,465.33,443.74,6
02-00110,392.88,287.61,248.17,427.9,300.52,241.18,133.49,130.03,2
02-00111,410.51,256.86,483.84,368.93,277.48,452.97,434.06,466.46,0
02-00112,96.53,370.82,548.65,122.56,325.2,463.64,437.52,418.2,0
02-00113,379.02,390.5,217.3,549.48,445.21,259.83,191.47,195.4,4
02-00114,108.15,504.27,200.7,111.36,489.19,3.23,132.85,113.17,6
02-00115,308.0,274.64,398.57,354.2,398.99,389.67,304.63,285.11,1
02-00116,345.86,221.88,560.96,286.1,189.29,536.56,189.58,173.33,0
02-00117,280.28,300.21,135.0,345.82,290.58,65.73,421.73,472.07,1
02-00118,297.29,463.03,87.73,337.67,480.02,104.76,369.16,314.52,1
02-00119,337.48,334.14,202.1,309.36,287.73,170.43,498.04,436.34,5
02-00120,126.88,259.74,251.93,39.65,156.13,137.5,444.4,425.51,0
02-00121,545.13,422.63,228.12,524.06,403.59,330.04,123.64,132.19,6
02-00122,482.72,333.51,485.69,622.38,258.66,539.85,159.64,181.06,7
02-00123,377.77,145.48,183.76,404.66,158.88,143.91,226.74,255.85,7
02-00124,208.4,168.09,177.55,94.81,119.06,166.64,231.24,246.69,0
02-00125,413.46,260.19,576.53,349.26,276.27,529.53,284.42,308.8,6
02-00126,91.91,525.68,452.98,161.09,443.27,298.74,216.14,230.74,7
02-00127,297.31,294.14,86.07,224.45,318.88,167.53,191.75,213.86,1
02-00128,387.53,244.89,381.7,428.07,160.79,216.35,391.12,338.32,3
02-00129,428.0,112.21,189.49,291.56,109.47,35.4,422.94,394.69,7
02-00130,293.53,265.67,397.81,266.41,231.04,320.65,327.45,321.19,2
02-00131,214.74,507.19,268.32,240.19,408.1,209.62,250.72,244.98,6
02-00132,573.77,245.02,344.14,531.79,142.53,311.09,418.31,450.19,2
02-00133,386.17,147.27,322.95,276.05,53.96,209.97,217.37,235.01,7
02-00134,342.64,388.54,514.41,382.74,424.5,482.76,220.85,240.82,7
02-00135,392.67,326.41,265.08,479.15,341.79,201.82,264.64,236.81,6
02-00136,209.59,307.88,272.97,197.59,425.54,87.89,464.77,457.89,3
02-00137,484.13,388.72,207.69,462.41,441.5,165.06,445.99,429.84,4
02-00138,133.12,107.55,586.93,80.9,172.12,546.68,128.05,131.0,4
02-00139,501.0,336.42,446.76,503.47,316.14,228.68,380.47,339.07,6
02-00140,592.73,156.4,307.27,528.67,94.64,206.68,457.73,391.77,6
02-00141,344.58,260.08,433.46,262.61,124.65,338.26,274.75,245.74,0
02-00142,486.61,281.04,110.96,490.17,182.24,63.75,406.96,369.45,3
02-00143,525.84,530.83,277.53,440.35,611.13,427.99,376.35,395.28,6
02-00144,140.92,573.24,318.44,4.51,436.85,159.76,134.72,126.31,0
02-00145,425.4,424.29,457.64,479.1,257.08,260.19,341.1,322.13,3
02-00146,485.32,207.81,458.89,431.94,232.87,370.55,245.49,240.2,2
02-00147,449.97,81.71,296.35,354.19,0.0,399.65,167.52,191.72,7
02-00148,588.24,185.45,390.69,526.13,214.17,398.23,159.22,170.88,4
02-00149,380.84,354.59,170.9,446.48,337.26,124.59,395.48,366.1,7
02-00150,253.75,426.03,503.95,336.44,394.56,397.01,215.23,238.04,0
02-00151,185.59,358.72,278.52,176.87,191.2,297.45,478.9,425.68,1
02-00152,421.15,206.65,286.78,383.23,236.22,187.51,176.34,198.27,2
02-00153,281.25,528.31,357.08,306.43,528.25,311.25,217.76,196.36,1
02-00154,230.11,234.78,289.55,107.83,189.46,254.74,194.45,208.83,2
02-00155,164.75,208.34,394.51,191.59,297.87,427.8,466.37,444.45,4
02-00156,561.74,82.32,102.21,385.47,0.0,0.0,160.36,164.71,1
02-00157,475.75,436.09,493.96,610.73,456.02,484.9,154.73,152.3,4
02-00158,240.2,300.88,362.27,186.59,290.62,203.88,121.36,120.79,6
02-00159,219.27,366.35,520.55,202.7,366.86,683.72,286.34,311.98,5
02-00160,138.32,236.06,146.43,0.0,274.63,164.42,494.44,506.83,4
02-00161,161.96,195.17,472.61,113.57,226.21,514.07,218.1,208.92,7
02-00162,196.9,571.14,499.99,67.49,461.58,405.2,477.03,429.01,4
02-00163,289.22,313.39,322.15,532.31,328.82,405.75,247.58,263.57,6
02-00164,564.06,411.07,267.47,499.74,350.53,352.19,167.34,144.84,1
02-00165,105.35,489.88,196.14,50.82,518.24,165.88,314.87,335.57,0
02-00166,476.5,164.9,423.93,362.46,81.24,294.36,261.47,260.82,6
02-00167,312.15,293.65,131.37,186.42,344.26,148.91,389.99,343.7,2
02-00168,399.19,232.57,406.48,305.56,270.49,370.03,133.29,122.09,4
02-00169,321.74,487.98,339.89,205.18,393.51,371.41,406.33,422.4,7
02-00170,289.67,476.26,422.71,217.14,414.63,304.68,474.92,533.0,6
02-00171,275.98,88.77,98.7,278.35,0.0,0.0,104.48,105.01,2
02-00172,504.05,366.77,461.46,334.88,378.41,459.63,310.79,346.06,0
02-00173,91.2,369.91,372.57,0.0,531.45,377.06,167.75,168.97,0
02-00174,239.6,450.74,198.89,205.11,540.97,165.42,129.86,120.16,1
02-00175,378.63,295.33,169.97,212.81,293.76,71.64,456.15,435.3,7
02-00176,448.42,379.77,522.56,372.93,384.8,435.69,256.96,275.77,3
02-00177,143.66,487.77,438.0,51.54,370.48,358.96,269.64,270.83,1
02-00178,562.1,210.12,346.13,386.98,106.28,363.1,411.24,443.72,7
02-00179,277.87,372.72,441.83,322.66,362.8,511.3,307.62,288.22,6
02-00180,366.69,139.65,145.66,340.02,0.0,170.89,268.9,265.63,3
02-00181,264.0,308.08,411.71,314.3,372.5,354.14,165.29,178.36,6
02-00182,361.19,276.71,137.86,372.78,223.81,131.04,252.75,227.36,2
02-00183,159.67,363.38,122.87,28.58,351.59,96.15,363.77,384.52,7
02-00184,234.56,472.22,452.54,292.03,406.26,531.82,224.78,222.84,3
02-00185,94.73,160.4,571.28,72.7,81.04,555.47,185.2,171.93,2
02-00186,246.26,363.7,451.54,292.36,374.08,349.36,467.91,503.69,7
02-00187,316.75,157.21,241.34,373.24,0.0,289.26,387.88,332.51,2
02-00188,218.9,132.22,179.08,141.49,51.28,100.66,345.65,316.68,3
02-00189,304.06,189.28,348.88,409.5,224.12,252.61,143.34,158.3,7
02-00190,153.59,580.38,203.44,147.4,599.99,299.55,153.33,163.48,6
02-00191,347.51,250.22,489.32,341.83,201.23,391.66,379.37,379.2,0
02-00192,234.55,538.29,348.54,305.38,440.45,285.78,414.32,396.35,0
02-00193,356.05,297.51,235.37,408.43,348.3,0.0,278.77,239.15,5
02-00194,347.91,264.31,522.69,314.63,381.04,462.21,395.05,367.8,2
02-00195,97.63,290.99,392.37,104.79,130.47,393.78,105.79,105.98,7
02-00196,271.28,408.0,472.16,323.51,311.36,492.38,215.08,197.77,1
02-00197,477.34,244.59,573.79,490.42,269.69,613.46,116.07,99.32,7
02-00198,164.62,564.88,518.4,0.0,473.41,555.35,342.71,293.58,1
02-00199,178.5,179.16,90.82,131.26,78.44,0.0,469.96,480.75,6
02-00200,536.82,500.73,596.72,523.19,357.72,662.59,428.89,447.85,7
02-00201,358.37,452.05,158.01,255.45,487.36,89.93,256.12,231.19,0
02-00202,273.19,566.74,532.84,289.14,608.26,537.94,376.32,364.99,6
02-00203,585.59,447.79,284.85,623.27,404.13,300.07,140.82,139.05,0
02-00204,269.53,248.67,435.49,301.35,191.62,510.13,150.26,172.0,2
02-00205,373.7,556.84,106.3,391.35,432.37,99.54,224.95,198.72,0
02-00206,478.48,350.75,263.26,514.77,348.32,341.04,246.15,221.93,7
02-00207,87.48,382.56,202.01,0.0,375.73,156.38,394.38,379.49,7
02-00208,519.35,261.18,558.68,329.97,276.97,610.41,247.01,257.44,4
02-00209,486.57,385.39,501.77,445.9,355.39,650.14,282.51,320.49,2
02-00210,452.34,81.75,338.73,539.45,267.12,308.51,348.65,302.54,2
02-00211,229.54,565.38,441.57,79.46,492.39,510.1,442.29,453.14,7
02-00212,334.76,284.2,248.66,369.25,301.08,216.64,404.38,453.48,5
02-00213,283.4,143.44,186.1,323.77,59.6,53.04,216.6,221.49,3
02-00214,371.99,500.43,447.94,363.94,540.17,516.78,163.74,153.67,7
02-00215,305.18,155.64,103.28,246.13,48.67,143.66,460.96,430.8,2
02-00216,357.35,153.68,232.25,313.73,191.69,180.5,495.67,538.9,7
02-00217,404.8,314.1,333.77,328.54,324.61,237.56,210.85,207.58,3
02-00218,155.45,552.76,212.25,168.06,428.17,259.3,235.0,208.73,3
02-00219,593.93,208.12,537.88,513.44,199.96,652.47,430.17,471.3,0
02-00220,512.66,457.0,354.53,511.83,585.02,393.92,169.04,166.54,3
02-00221,140.62,399.07,164.99,90.6,369.19,94.86,363.97,319.59,2
02-00222,335.42,112.62,464.07,435.45,53.12,541.03,477.03,457.67,1
02-00223,344.92,257.81,502.32,255.76,269.83,536.16,469.45,403.33,0
02-00224,263.13,480.99,178.95,122.77,440.91,8.3,417.02,441.48,3
02-00225,278.0,432.53,357.89,297.67,419.07,147.46,262.63,275.06,6
02-00226,543.09,325.0,439.51,589.94,285.57,420.4,448.2,476.27,3
02-00227,301.79,433.72,83.41,264.83,561.91,55.69,321.6,291.38,4
02-00228,209.83,101.81,589.65,233.27,105.41,673.63,306.12,270.36,0
02-00229,501.7,545.44,88.19,494.62,544.26,93.14,435.67,439.56,7
02-00230,124.08,396.63,84.46,100.57,253.5,26.58,194.49,209.41,7
02-00231,115.41,412.75,264.76,0.0,337.28,341.3,378.16,367.71,5
02-00232,234.67,249.26,240.37,243.27,150.42,202.07,102.96,104.42,5
02-00233,413.66,156.39,492.35,294.01,203.71,443.3,283.15,312.88,3
02-00234,495.24,315.55,158.77,689.44,305.93,140.09,259.2,280.27,3
02-00235,436.58,561.76,434.21,418.5,616.33,437.88,280.0,242.33,0
02-00236,493.41,306.9,127.17,472.69,314.36,0.0,424.63,426.55,7
02-00237,158.99,424.17,374.23,58.26,520.34,379.99,211.76,181.58,1
02-00238,342.6,332.62,110.98,361.84,319.07,26.07,428.85,450.6,7
02-00239,533.56,257.01,135.49,447.08,347.76,42.4,161.87,167.86,5
02-00240,450.25,505.91,240.42,567.67,307.25,150.98,199.32,202.79,5
02-00241,535.85,376.63,512.99,481.29,245.09,573.07,395.0,445.49,1
02-00242,581.02,271.43,473.99,700.14,310.35,347.94,330.24,303.15,4
02-00243,582.87,406.07,370.11,624.15,373.19,408.31,106.04,91.51,7
02-00244,500.39,358.86,438.43,590.35,390.63,376.88,398.23,342.31,2
02-00245,434.41,405.87,262.31,462.97,510.31,212.62,158.59,171.16,0
02-00246,130.19,212.94,220.89,92.82,327.04,280.83,407.3,421.04,0
02-00247,572.71,158.09,505.04,460.68,134.78,439.37,320.35,318.78,7
02-00248,278.28,217.12,117.24,213.26,259.18,122.72,353.88,369.33,1
02-00249,529.54,158.44,130.72,488.54,216.69,12.68,417.87,430.99,5
02-00250,325.23,428.5,513.27,141.74,399.62,506.73,414.82,402.89,2
02-00251,532.84,396.31,444.79,565.35,360.87,421.07,371.67,409.88,5
02-00252,315.04,149.14,378.7,155.35,88.98,509.88,117.94,122.84,4
02-00253,344.42,559.63,522.49,336.65,482.14,593.76,240.37,254.59,6
02-00254,426.38,193.65,385.11,386.22,139.2,396.97,120.46,104.29,5
02-00255,359.21,439.17,378.32,314.18,397.3,350.79,217.6,240.19,7
02-00256,442.82,421.9,517.54,469.44,299.11,511.65,317.5,286.31,6
02-00257,203.33,221.21,489.17,181.71,133.31,555.85,455.06,461.61,0
02-00258,179.84,436.31,381.58,272.62,358.71,307.95,325.04,281.06,2
02-00259,437.89,525.54,398.49,387.99,487.42,234.11,232.26,212.88,4
02-00260,555.47,412.03,277.45,589.98,474.15,151.01,344.48,337.17,2
02-00261,446.19,589.65,424.5,441.12,486.19,267.43,440.96,386.14,3
02-00262,464.06,141.74,457.64,405.23,0.0,334.32,295.32,297.52,0
02-00263,328.26,411.98,420.98,294.3,435.74,543.73,265.58,274.09,5
02-00264,542.19,574.58,250.02,521.58,495.63,196.98,422.82,483.89,1
02-00265,453.5,516.48,237.68,441.0,507.51,233.22,310.07,349.24,0
02-00266,142.78,334.68,566.78,117.86,214.39,629.47,164.33,152.6,1
02-00267,342.84,335.21,133.13,233.63,313.78,21.02,499.91,527.23,0
02-00268,235.89,153.11,291.68,294.77,103.89,297.32,367.97,402.8,3
02-00269,263.07,445.72,181.52,175.08,458.57,134.97,116.13,109.1,1
02-00270,283.79,160.97,241.76,242.9,238.89,223.46,155.22,133.32,0
02-00271,198.91,424.43,111.44,338.58,460.58,49.47,354.56,310.45,2
02-00272,555.89,373.42,101.75,549.89,363.94,62.25,309.14,329.19,3
02-00273,260.32,126.44,311.3,190.01,96.91,269.78,424.42,432.87,2
02-00274,144.93,316.0,535.08,221.6,333.56,573.46,192.11,182.38,5
02-00275,597.15,204.94,477.64,660.37,56.01,479.89,107.42,119.04,7
02-00276,443.07,250.83,309.37,337.39,258.84,172.27,398.95,410.45,1
02-00277,410.35,559.44,236.11,380.52,488.24,196.47,278.06,298.23,4
02-00278,199.1,98.73,492.64,191.79,12.91,438.4,398.77,347.84,7
02-00279,380.37,305.96,176.49,255.47,327.47,151.39,373.15,377.43,7
02-00280,80.81,308.21,199.95,0.0,260.81,237.18,139.96,142.27,2
02-00281,167.77,167.91,500.4,92.9,157.6,483.05,244.41,271.87,2
02-00282,551.09,431.29,192.95,602.92,468.81,259.94,459.91,439.34,0
02-00283,315.76,588.68,390.46,263.63,529.47,410.95,311.66,322.32,4
02-00284,333.31,220.46,107.75,495.78,186.09,18.58,191.31,214.25,7
02-00285,222.26,425.19,319.22,237.36,404.98,242.45,136.56,149.47,5
02-00286,224.15,136.75,197.56,66.84,143.81,238.98,383.12,389.45,7
02-00287,467.01,208.23,273.78,458.87,192.63,206.44,178.99,199.0,1
02-00288,328.3,371.07,422.33,353.66,370.31,241.83,345.87,296.24,0
02-00289,151.19,281.61,452.49,193.55,221.6,413.02,158.05,179.09,4
02-00290,224.62,452.83,377.74,199.19,493.93,426.63,482.17,507.15,3
02-00291,312.24,448.57,396.08,330.29,496.03,334.98,275.18,306.93,2
02-00292,560.38,420.76,343.69,416.62,347.8,536.8,380.75,336.97,0
02-00293,391.3,100.56,396.5,256.76,76.96,501.18,382.51,412.66,2
02-00294,102.95,438.57,217.52,9.32,375.48,169.58,238.77,266.99,5
02-00295,86.31,138.27,201.61,195.9,222.27,183.13,371.69,403.31,7
02-00296,523.87,82.45,487.44,449.05,36.77,478.13,118.73,105.66,3
02-00297,463.71,505.06,586.22,364.42,491.94,612.49,178.94,168.67,4
02-00298,533.08,135.99,330.37,331.09,175.48,225.2,318.17,304.53,1
02-00299,175.47,237.81,327.85,324.02,254.61,269.9,197.92,182.92,4
02-00300,169.75,131.27,237.08,187.62,202.84,119.88,307.33,316.13,3
02-00301,587.05,296.4,441.23,626.18,234.87,480.11,103.48,92.42,4
02-00302,165.3,332.24,575.13,96.43,327.03,692.03,416.54,408.57,6
02-00303,286.13,482.76,564.75,226.18,360.31,408.75,349.3,329.37,4
02-00304,408.91,89.32,489.08,475.09,114.69,635.72,298.0,288.37,7
02-00305,582.0,504.75,201.64,569.07,489.44,153.27,257.93,280.54,6
02-00306,206.67,314.94,504.3,115.18,374.76,511.14,465.26,403.6,3
02-00307,419.8,492.82,132.04,314.85,559.18,175.8,411.95,361.91,4
02-00308,534.43,545.85,557.34,465.58,707.05,374.48,161.48,154.47,1
02-00309,457.62,162.79,243.43,370.91,5.83,265.18,299.9,302.6,0
02-00310,554.77,81.94,417.34,491.34,174.24,511.72,245.72,279.52,5
02-00311,368.29,421.24,445.97,510.46,466.68,467.23,454.0,450.17,7
02-00312,87.94,105.93,489.8,12.63,78.39,508.15,116.51,114.12,0
02-00313,407.98,472.0,296.05,427.35,401.12,242.2,268.37,260.06,7
02-00314,82.74,164.7,183.71,170.15,232.36,99.16,387.45,419.47,6
02-00315,450.2,425.25,419.62,478.54,243.44,426.36,242.91,242.68,2
02-00316,504.25,88.92,368.87,507.44,295.47,400.78,222.75,236.95,2
02-00317,335.65,359.77,494.18,194.22,260.67,457.4,167.94,153.94,7
02-00318,436.2,184.78,368.92,404.71,216.31,441.55,138.11,153.91,4
02-00319,238.2,527.24,243.55,215.21,462.6,187.79,174.74,185.58,0
02-00320,193.54,228.46,258.72,191.17,223.26,100.22,492.81,552.57,3
02-00321,438.2,578.57,88.23,439.98,573.05,0.0,372.13,391.83,3
02-00322,288.72,291.79,95.87,336.34,343.46,36.92,249.28,253.61,3
02-00323,212.94,585.6,374.61,279.56,504.83,413.42,403.94,347.26,6
02-00324,582.49,563.68,105.95,483.89,385.91,154.67,270.41,247.21,7
02-00325,202.53,512.22,167.2,21.72,389.42,124.88,321.0,324.15,4
02-00326,387.92,106.7,557.76,376.0,54.53,451.88,116.32,127.08,7
02-00327,209.69,174.14,313.18,172.94,230.5,269.03,469.59,404.12,0
02-00328,283.6,502.8,288.62,156.21,497.12,84.59,230.68,246.45,3
02-00329,452.96,524.38,402.34,485.24,528.51,303.32,400.39,366.22,5
02-00330,120.96,132.67,108.43,40.8,66.84,50.01,281.99,315.54,1
02-00331,281.84,446.7,363.03,265.23,390.42,371.46,452.42,499.81,7
02-00332,598.22,189.99,572.46,515.3,110.32,506.11,262.36,283.11,7
02-00333,347.5,342.25,146.97,277.15,174.23,167.49,206.73,209.44,4
02-00334,195.24,359.99,159.58,238.76,456.14,264.4,381.17,389.12,7
02-00335,304.85,198.43,122.96,355.46,106.04,78.9,112.47,97.3,4
02-00336,178.82,400.5,326.48,89.76,288.78,238.75,438.22,485.08,4
02-00337,324.69,510.13,411.18,305.76,512.57,287.63,465.44,425.77,7
02-00338,168.41,403.89,165.18,59.66,489.63,117.52,410.06,378.1,6
02-00339,396.48,389.48,327.38,357.04,370.89,384.89,285.19,325.25,4
02-00340,336.99,198.12,364.76,260.4,218.7,402.09,303.99,285.55,5
02-00341,525.48,214.74,388.79,492.82,164.86,262.63,470.34,424.05,6
02-00342,211.43,243.25,226.54,99.44,255.76,274.29,290.3,260.75,4
02-00343,333.27,553.63,436.9,284.93,455.35,359.44,424.5,399.06,7
02-00344,165.51,273.15,317.33,29.73,208.76,323.99,226.21,197.65,5
02-00345,141.97,282.68,437.54,66.74,218.81,181.59,260.19,247.81,3
02-00346,285.17,165.39,328.65,184.77,258.39,262.74,451.92,433.17,3
02-00347,412.52,463.78,127.33,343.98,561.44,128.87,301.89,343.54,3
02-00348,300.89,309.67,153.76,228.39,365.13,204.69,185.12,158.54,0
02-00349,256.65,258.96,258.41,159.76,109.45,150.67,205.53,179.49,0
02-00350,178.9,101.98,569.13,126.55,46.53,563.25,200.04,198.84,1
02-00351,144.04,145.41,480.15,101.34,117.42,397.01,489.78,534.14,0
02-00352,154.51,515.67,322.92,79.98,472.21,478.71,352.23,360.36,3
02-00353,190.03,296.8,577.52,321.91,188.25,497.0,495.39,565.99,7
02-00354,491.19,482.46,546.29,491.59,585.62,587.67,339.84,386.18,4
02-00355,517.43,462.47,207.55,566.5,349.22,96.71,495.48,450.42,2
02-00356,342.63,537.37,97.93,175.48,577.74,119.01,139.93,154.73,7
02-00357,118.28,182.75,272.65,118.98,230.81,391.98,196.91,217.43,6
02-00358,216.82,197.17,547.61,265.65,206.89,419.43,430.02,476.11,5
02-00359,443.76,587.61,492.48,336.75,436.53,511.11,386.28,388.53,2
02-00360,405.63,355.96,133.22,403.48,298.76,7.47,423.43,457.86,7
02-00361,514.25,286.36,589.13,488.7,217.38,615.37,465.29,530.7,7
02-00362,228.97,261.83,115.27,178.23,167.24,166.53,164.45,152.69,4
02-00363,413.47,285.95,374.66,444.03,213.31,409.56,334.98,339.11,2
02-00364,587.54,519.73,546.32,552.5,412.77,561.98,191.12,192.83,3
02-00365,128.54,366.8,372.25,115.85,493.86,447.47,215.89,189.24,7
02-00366,525.82,476.01,573.43,483.49,588.39,554.53,380.04,416.75,5
02-00367,152.77,147.82,243.22,204.68,145.95,299.7,431.17,474.02,1
02-00368,211.87,158.94,419.43,252.82,90.0,440.0,281.27,277.87,5
02-00369,82.54,553.85,438.81,56.98,692.38,356.93,267.71,297.83,5
02-00370,88.59,93.88,386.2,44.67,69.13,170.27,319.8,342.99,5
02-00371,546.15,551.76,248.9,504.62,655.06,273.75,179.6,153.74,4
02-00372,590.32,176.9,258.88,441.59,167.08,198.69,270.29,283.01,0
02-00373,453.42,310.47,234.68,611.9,281.8,226.7,354.93,373.75,2
02-00374,105.72,364.76,514.0,20.14,384.61,366.61,151.01,144.72,0
02-00375,368.19,107.57,357.38,336.56,20.01,262.56,133.63,129.58,5
02-00376,307.84,136.69,306.18,268.96,145.02,205.89,170.14,156.8,7
02-00377,160.48,452.8,581.52,96.07,578.39,493.02,261.23,228.24,5
02-00378,517.76,90.82,152.65,445.16,0.0,187.08,486.94,438.08,3
02-00379,493.62,506.98,352.0,550.84,314.99,295.97,194.26,220.39,1
02-00380,140.68,211.46,339.97,117.5,200.42,322.93,354.2,378.15,3
02-00381,333.68,560.81,529.48,335.29,390.93,504.59,338.44,383.32,7
02-00382,114.56,438.84,295.23,241.2,367.26,168.26,139.44,143.64,3
02-00383,516.02,200.94,486.13,389.56,210.49,364.16,159.64,154.99,6
02-00384,482.23,377.9,380.88,224.3,366.9,282.0,251.11,229.53,1
02-00385,429.09,344.3,281.85,360.91,356.05,256.47,101.19,112.07,0
02-00386,153.41,191.0,569.31,51.22,137.08,570.15,315.46,356.43,6
02-00387,447.44,313.02,126.69,501.56,405.39,71.38,401.85,358.62,4
02-00388,351.99,513.36,519.3,442.96,550.62,461.78,418.56,409.4,4
02-00389,278.83,256.59,540.83,243.37,42.49,552.6,481.04,434.65,4
02-00390,574.13,510.04,203.2,467.71,448.84,216.6,206.51,216.6,4
02-00391,378.23,185.54,270.67,287.85,130.22,208.76,333.13,330.3,1
02-00392,168.02,313.66,556.67,135.25,310.68,600.99,110.21,100.7,5
02-00393,253.37,401.5,549.48,189.43,460.3,573.29,396.27,353.36,5
02-00394,569.09,396.42,411.13,565.82,302.35,305.18,228.17,246.69,0
02-00395,311.9,407.91,158.51,135.71,453.42,134.19,313.11,355.38,2
02-00396,251.09,195.54,346.91,128.67,264.2,318.36,300.24,315.38,2
02-00397,268.91,200.64,396.53,188.62,237.1,288.45,290.23,248.25,6
02-00398,170.58,312.99,151.77,211.88,171.3,83.57,384.94,428.65,1
02-00399,354.19,138.33,320.9,351.29,169.36,283.12,335.09,335.1,1
02-00400,320.86,457.92,484.53,345.68,453.28,398.23,299.38,324.44,1
02-00401,449.25,599.28,182.37,239.89,477.51,14.34,270.86,260.08,6
02-00402,586.53,156.01,315.1,580.05,130.59,425.63,319.96,315.49,4
02-00403,233.2,529.86,425.14,285.15,470.08,353.34,310.1,270.9,1
02-00404,239.94,384.72,469.04,127.28,269.8,317.04,239.42,258.48,1
02-00405,365.08,484.76,568.19,167.12,343.86,503.99,274.31,262.77,2
02-00406,547.39,521.24,531.71,512.22,525.12,542.22,140.21,156.97,7
02-00407,535.41,441.05,469.0,403.17,343.75,547.54,405.4,381.14,1
02-00408,140.93,299.03,384.32,218.31,448.03,411.33,362.38,362.37,4
02-00409,143.28,121.87,288.82,0.0,163.63,289.22,282.89,241.38,5
02-00410,461.88,330.86,446.13,398.44,401.15,566.0,134.38,148.92,1
02-00411,389.89,586.08,379.72,347.89,478.97,276.73,486.43,545.06,3
02-00412,293.83,276.22,556.55,358.92,92.59,381.62,205.29,185.29,1
02-00413,580.26,290.07,149.52,431.7,172.34,175.18,417.1,358.18,5
02-00414,535.05,250.22,201.05,563.23,222.91,121.01,401.33,454.99,6
02-00415,380.42,315.93,339.39,357.39,264.88,332.98,297.58,267.84,4
02-00416,152.7,122.63,518.6,35.96,159.5,615.32,256.87,279.21,5
02-00417,567.21,480.36,107.84,510.14,510.56,0.0,325.55,306.73,4
02-00418,582.79,484.19,485.86,592.6,534.64,425.72,178.75,152.59,0
02-00419,156.91,253.04,294.88,302.2,326.89,221.04,184.63,170.37,0
02-00420,408.0,562.99,333.96,402.52,611.26,226.1,399.71,358.71,0
02-00421,302.34,495.49,395.99,142.5,456.9,416.78,432.09,460.95,0
02-00422,400.29,386.0,442.93,351.12,315.9,432.17,464.62,466.41,7
02-00423,106.07,476.23,494.88,100.93,403.28,457.42,428.94,462.41,7
02-00424,223.98,84.07,215.3,370.62,128.68,93.92,273.35,314.24,6
02-00425,485.61,223.89,442.39,500.09,106.44,307.28,139.69,151.68,7
02-00426,303.85,88.11,217.42,328.22,0.0,308.52,125.39,134.72,1
02-00427,389.13,463.32,523.37,290.45,431.52,632.94,325.24,343.08,5
02-00428,374.02,574.47,513.82,430.49,618.79,364.65,404.64,354.0,6
02-00429,295.39,343.53,278.85,201.14,366.91,310.79,420.48,385.13,2
02-00430,157.93,512.96,101.6,288.55,499.38,111.98,327.23,326.05,6
02-00431,222.86,125.71,244.08,193.04,0.0,209.76,308.69,314.54,0
02-00432,372.66,474.07,256.94,455.62,581.59,339.96,431.24,379.32,4
02-00433,517.36,342.0,532.0,460.44,232.15,435.01,305.29,346.33,4
02-00434,399.95,478.23,133.77,430.59,283.77,91.75,143.16,129.66,3
02-00435,452.99,264.11,371.22,351.0,242.78,188.51,379.59,334.47,3
02-00436,192.77,494.17,231.72,112.38,441.99,188.57,461.11,405.3,4
02-00437,598.39,439.97,390.36,402.22,394.4,336.54,339.76,363.84,6
02-00438,169.08,394.21,412.59,277.78,327.75,469.61,240.07,232.98,7
02-00439,536.83,416.31,366.04,615.57,476.1,256.57,183.31,158.95,4
02-00440,557.8,197.84,310.78,578.87,183.55,297.23,392.0,415.98,3
02-00441,434.25,572.91,431.99,413.79,503.34,295.68,112.41,117.65,4
02-00442,509.29,231.47,112.8,549.34,125.96,140.66,164.46,164.36,0
02-00443,136.39,382.68,174.67,125.21,397.77,149.8,239.61,251.39,4
02-00444,473.97,520.92,354.9,366.08,577.3,343.76,475.22,496.31,0
02-00445,370.1,588.46,284.67,274.78,658.77,131.85,336.41,304.5,4
02-00446,156.46,170.53,486.53,219.27,184.7,526.35,467.08,418.03,1
02-00447,486.56,124.67,312.22,682.5,97.33,166.93,468.87,509.34,6
02-00448,415.83,537.84,377.69,543.42,464.14,70.14,179.41,203.34,4
02-00449,563.0,529.1,508.24,455.35,469.89,501.55,304.83,264.99,3
02-00450,88.91,168.13,86.81,160.36,154.1,55.92,456.59,454.98,1
02-00451,416.42,599.11,126.6,290.52,547.4,268.49,304.19,348.39,2
02-00452,597.5,265.37,94.04,434.5,171.41,171.1,309.33,341.23,7
02-00453,583.56,455.59,517.29,483.26,540.93,449.62,144.64,130.31,1
02-00454,518.23,296.77,162.0,550.89,303.95,0.0,155.45,132.42,3
02-00455,586.24,192.61,202.07,523.07,195.98,151.71,369.83,399.63,2
02-00456,362.05,283.97,207.06,236.79,276.85,180.21,432.38,443.16,1
02-00457,267.81,185.65,592.94,307.05,217.89,658.15,275.63,239.27,4
02-00458,593.87,586.08,514.47,666.09,533.8,558.57,299.25,312.83,7
02-00459,270.89,560.02,260.86,277.15,550.24,323.67,363.67,328.69,0
02-00460,95.85,405.8,91.36,7.18,322.98,2.43,130.36,118.95,0
02-00461,354.81,149.69,520.55,304.2,293.5,535.54,179.92,167.44,2
02-00462,515.3,555.48,231.41,423.03,541.56,27.92,129.45,125.13,2
02-00463,273.36,537.75,380.84,110.27,472.02,370.54,127.4,111.52,2
02-00464,384.96,94.79,500.16,465.04,78.96,471.89,360.4,342.11,1
02-00465,220.71,521.33,177.6,237.07,375.74,0.0,274.58,275.58,6
02-00466,523.55,358.26,378.27,327.2,428.37,378.44,382.99,372.91,7
02-00467,356.44,387.76,392.65,428.44,207.39,410.07,248.7,220.83,7
02-00468,303.3,210.22,210.08,286.41,240.43,205.95,398.9,401.3,4
02-00469,553.14,481.38,378.66,478.41,490.9,387.99,403.7,424.76,5
02-00470,362.9,244.35,512.63,383.54,297.64,585.42,212.33,187.48,6
02-00471,494.03,209.67,277.29,443.98,174.53,194.54,135.8,132.54,2
02-00472,434.26,276.48,122.87,395.71,310.85,22.97,399.15,366.9,0
02-00473,549.64,117.57,191.07,415.22,145.58,223.9,134.38,135.01,1
02-00474,314.17,424.0,159.74,282.16,273.3,88.33,135.27,137.72,3
02-00475,156.93,254.17,305.91,28.25,139.43,305.42,339.07,300.62,7
02-00476,551.63,374.55,284.32,586.9,328.9,200.84,471.63,494.44,0
02-00477,139.32,548.64,303.06,78.49,509.08,206.45,200.53,201.47,5
02-00478,480.69,438.26,193.78,520.45,456.57,0.0,126.74,141.24,7
02-00479,398.92,249.51,513.61,480.46,74.93,440.32,356.53,374.37,5
02-00480,130.28,486.44,490.25,212.05,427.2,369.34,121.99,139.21,5
02-00481,480.52,195.37,390.4,334.58,104.48,284.08,438.4,416.47,1
02-00482,389.52,377.36,549.18,400.4,322.54,502.58,106.68,102.96,4
02-00483,153.21,183.66,368.0,102.95,143.16,299.05,353.48,325.62,0
02-00484,384.22,140.63,484.6,348.15,85.77,571.3,147.42,159.76,2
02-00485,383.84,460.6,447.24,479.68,270.36,546.79,158.59,139.71,1
02-00486,235.15,411.18,592.87,155.21,531.02,503.9,182.63,186.73,6
02-00487,397.17,269.33,581.22,472.19,154.4,562.81,113.3,113.55,2
02-00488,132.33,361.05,284.52,147.4,366.29,97.73,308.97,297.92,5
02-00489,168.04,286.59,158.13,90.38,208.1,242.44,137.99,137.61,4
02-00490,166.75,266.05,288.68,72.66,274.3,334.26,383.77,417.79,0
02-00491,435.07,147.63,292.75,431.38,6.23,220.32,483.18,534.88,7
02-00492,209.96,582.99,483.47,52.24,531.23,492.16,465.81,517.73,2
02-00493,107.56,475.46,519.98,0.0,408.66,520.26,467.63,472.58,5
02-00494,138.86,345.84,347.4,75.0,257.71,264.84,243.8,210.04,4
02-00495,106.02,479.0,328.94,28.93,391.89,268.36,293.88,279.08,0
02-00496,499.28,448.94,557.31,638.52,397.17,592.94,462.31,404.92,0
02-00497,459.46,256.96,168.21,413.85,235.86,69.4,426.75,438.75,1
02-00498,565.13,312.38,188.61,533.7,396.07,338.44,431.84,461.22,6
02-00499,150.41,423.1,536.11,63.36,315.81,465.67,144.06,135.27,0
02-00500,569.53,108.94,526.89,496.21,193.41,491.35,158.37,173.05,1
02-00501,355.15,208.88,270.11,325.72,287.13,78.98,483.5,469.76,2
02-00502,448.31,457.49,585.11,443.05,382.05,564.56,204.51,185.17,5
02-00503,304.72,252.76,436.33,115.06,329.88,529.58,415.0,385.74,6
02-00504,268.8,324.58,355.82,148.29,249.72,365.81,359.1,310.72,7
02-00505,292.48,323.04,312.93,410.27,384.35,266.52,188.08,190.16,0
02-00506,292.69,449.79,472.55,314.67,412.3,465.08,128.64,121.6,6
02-00507,373.6,305.69,552.41,340.05,351.45,530.45,102.33,91.85,0
02-00508,296.33,182.82,257.14,231.85,150.68,175.11,248.75,216.4,7
02-00509,342.64,324.24,590.2,224.24,276.81,535.73,442.46,507.41,2
02-00510,240.56,369.35,135.69,261.2,316.88,124.08,288.14,260.56,2
02-00511,326.66,590.26,426.74,264.22,527.37,254.86,253.08,247.15,0
02-00512,475.53,214.79,134.7,496.34,82.05,48.25,389.21,431.62,5
02-00513,464.3,495.31,484.5,379.67,558.46,326.58,238.31,240.76,3
02-00514,463.25,433.22,492.93,304.56,497.55,476.86,340.32,311.96,4
02-00515,81.57,159.14,81.28,58.54,156.31,0.0,463.92,526.57,0
02-00516,254.67,301.08,212.47,263.62,320.5,175.44,253.05,228.07,1
02-00517,332.3,219.29,88.76,397.83,171.41,35.74,106.5,117.47,6
02-00518,431.31,413.36,220.1,329.49,378.86,184.61,107.3,114.44,4
02-00519,314.7,487.25,367.78,258.0,525.82,398.34,192.99,209.93,2
02-00520,519.3,317.46,327.21,413.82,326.34,349.22,393.63,335.93,0
02-00521,311.23,407.59,232.22,281.1,432.14,152.92,100.01,89.32,3
02-00522,179.77,492.14,276.68,0.0,421.34,240.82,151.78,156.64,2
02-00523,195.73,112.28,459.09,87.56,152.36,519.43,375.81,368.25,5
02-00524,509.88,362.15,146.78,308.13,208.66,46.37,286.7,274.54,2
02-00525,445.7,121.52,333.89,469.56,208.93,472.33,182.2,207.53,2
02-00526,489.6,557.67,340.95,555.73,549.26,481.42,221.15,228.63,0
02-00527,132.39,527.45,283.45,69.38,416.44,428.41,467.54,472.84,7
02-00528,310.46,598.78,195.98,266.76,634.43,62.67,326.61,318.84,6
02-00529,505.28,553.27,246.74,489.3,517.41,78.27,352.39,399.17,5
02-00530,449.06,372.42,241.65,423.73,320.57,268.96,144.8,159.9,2
02-00531,514.13,231.75,564.14,499.25,221.04,578.48,143.63,158.72,5
02-00532,150.06,183.09,460.89,153.8,139.23,503.66,312.66,269.21,4
02-00533,537.42,283.9,80.91,534.47,358.58,0.0,333.7,307.01,2
02-00534,145.87,486.51,163.35,141.12,485.57,225.49,454.11,444.5,7
02-00535,538.6,419.49,115.39,433.59,502.45,136.31,452.43,469.54,5
02-00536,446.63,297.06,386.52,396.06,270.24,418.33,245.18,259.94,6
02-00537,144.78,321.8,392.87,224.78,340.37,304.48,212.04,198.04,0
02-00538,398.24,453.68,313.94,468.02,402.49,273.85,416.05,392.56,3
02-00539,481.85,92.43,598.83,498.66,88.85,465.9,366.73,325.57,4
02-00540,82.9,177.96,185.78,21.8,300.2,305.06,303.35,330.8,4
02-00541,346.74,554.31,319.69,231.06,465.13,305.42,201.72,228.86,6
02-00542,506.15,331.39,594.0,668.3,399.98,473.87,345.81,339.69,1
02-00543,305.68,198.97,262.29,331.94,69.94,10.22,148.29,133.85,5
02-00544,312.02,463.38,85.28,352.14,381.14,99.25,330.0,331.84,5
02-00545,412.34,514.93,261.3,395.18,551.1,495.65,474.66,441.88,1
02-00546,426.33,123.06,284.02,332.91,46.44,402.85,261.92,281.39,2
02-00547,274.42,395.74,209.14,231.06,292.28,384.95,270.58,264.24,7
02-00548,459.39,445.79,401.01,376.96,527.87,246.42,218.92,221.43,2
02-00549,182.39,90.17,589.96,141.03,81.21,547.6,371.37,387.04,3
02-00550,198.3,558.55,342.18,81.7,274.57,399.77,334.9,365.6,4
02-00551,106.07,376.99,261.11,169.0,328.07,252.52,431.53,487.55,1
02-00552,396.23,121.64,499.58,334.33,148.85,354.56,270.01,260.41,3
02-00553,244.49,153.75,514.77,129.4,107.7,468.63,317.88,305.31,4
02-00554,434.35,374.95,484.13,240.91,333.11,425.07,256.74,259.11,7
02-00555,455.41,135.55,416.32,356.88,57.74,409.81,159.29,162.67,7
02-00556,594.48,334.1,96.4,598.23,183.63,0.0,472.91,490.12,4
02-00557,578.49,206.71,398.09,526.93,120.3,388.49,360.19,309.66,5
02-00558,556.1,471.41,220.81,436.04,309.17,240.14,375.57,326.88,4
02-00559,550.03,569.61,149.52,549.45,622.79,57.16,436.24,413.77,1
02-00560,314.42,315.8,141.86,308.4,255.79,102.6,495.61,439.44,0
02-00561,181.92,290.95,323.28,178.64,146.05,286.58,368.91,354.08,0
02-00562,318.55,242.39,133.65,267.01,290.1,136.06,498.12,427.97,7
02-00563,276.62,340.79,433.99,218.47,201.2,335.21,202.7,223.27,2
02-00564,563.44,498.32,365.37,641.76,437.34,281.89,100.13,88.24,0
02-00565,588.1,431.24,127.86,427.07,297.58,91.63,342.95,316.11,3
02-00566,575.61,308.1,429.77,523.52,286.85,297.75,177.37,182.55,3
02-00567,304.12,208.71,179.29,318.45,145.12,254.31,297.82,261.62,0
02-00568,554.33,191.79,509.31,516.18,177.32,409.81,154.91,175.79,1
02-00569,89.28,242.26,198.21,57.15,317.86,137.48,258.92,278.24,7
02-00570,248.66,482.76,584.93,116.35,436.78,648.7,339.8,304.6,7
02-00571,560.0,588.18,315.2,491.06,443.64,451.18,370.16,413.35,6
02-00572,304.03,165.36,216.98,244.27,173.03,176.75,293.13,316.01,1
02-00573,434.63,174.84,341.82,549.98,120.51,386.11,227.58,206.86,4
02-00574,596.33,544.3,161.94,529.48,652.32,277.89,277.95,257.05,6
02-00575,182.03,456.37,516.8,50.13,538.24,506.48,137.42,132.01,5
02-00576,515.55,383.47,577.23,586.72,284.17,632.82,305.14,266.53,7
02-00577,180.96,356.27,468.5,98.49,495.5,429.31,284.03,298.04,6
02-00578,577.89,207.2,260.66,553.42,249.06,132.76,197.96,180.02,2
02-00579,570.94,378.56,140.76,487.2,348.46,140.31,154.53,141.84,5
02-00580,541.82,81.98,477.09,326.74,0.0,389.3,201.8,213.62,3
02-00581,591.08,305.72,423.42,445.87,193.84,390.66,383.52,339.13,7
02-00582,486.4,412.19,192.16,523.2,463.27,172.65,364.2,313.65,2
02-00583,279.79,511.89,384.96,177.07,437.39,257.45,387.62,413.21,3
02-00584,309.77,83.73,246.65,410.31,150.72,260.21,477.58,447.64,6
02-00585,460.12,278.0,473.79,504.43,238.43,393.17,289.33,272.23,1
02-00586,283.78,514.99,406.14,218.32,518.28,364.39,275.35,253.83,5
02-00587,595.11,461.56,392.73,680.3,506.51,311.37,435.37,490.57,5
02-00588,180.0,158.93,570.35,102.7,182.17,475.02,253.02,279.07,1
02-00589,249.45,273.1,124.2,200.19,239.71,14.68,236.04,259.71,6
02-00590,311.2,204.13,526.62,237.5,204.25,396.72,286.38,325.72,7
02-00591,231.73,274.41,152.57,310.88,350.53,11.66,382.92,387.49,1
02-00592,92.13,271.4,320.5,50.66,356.18,146.18,325.89,338.86,4
02-00593,343.07,594.05,181.4,224.86,587.57,218.53,466.48,419.51,4
02-00594,161.04,551.04,188.18,134.83,700.27,114.91,413.17,360.29,7
02-00595,187.15,92.49,293.9,140.72,104.76,260.79,126.01,116.17,2
02-00596,84.68,522.09,307.6,80.78,457.58,417.88,104.3,99.74,6
02-00597,330.73,183.8,146.94,332.47,82.21,45.03,345.13,331.68,5
02-00598,503.14,327.5,399.34,373.74,286.17,318.51,382.03,436.48,4
02-00599,509.76,104.68,391.75,621.32,17.24,334.31,412.93,415.66,6
02-00600,512.24,216.17,585.28,332.48,207.55,630.71,492.99,466.92,3
02-00601,288.81,197.91,240.14,185.35,232.68,221.0,406.56,402.04,5
02-00602,487.87,110.27,215.32,491.08,33.9,203.43,468.49,406.6,6
02-00603,240.73,366.08,569.83,299.23,426.36,446.84,271.44,283.43,7
02-00604,417.84,121.89,139.06,483.56,0.0,142.15,121.68,106.99,7
02-00605,237.06,580.41,582.6,235.87,543.69,643.18,294.79,275.84,4
02-00606,235.13,500.54,177.78,239.34,491.75,81.68,269.69,254.1,5
02-00607,495.13,375.96,525.32,531.6,368.05,437.79,460.25,512.02,6
02-00608,387.89,152.29,375.52,355.39,145.8,356.79,442.91,445.52,3
02-00609,154.68,351.3,441.3,227.54,342.48,655.34,330.79,332.63,0
02-00610,97.32,424.51,594.84,78.42,352.61,498.99,417.2,458.11,5
02-00611,226.84,474.12,439.35,123.06,604.87,454.09,212.66,193.22,6
02-00612,344.14,86.0,378.48,234.07,86.13,471.31,173.76,151.4,7
02-00613,285.88,150.23,139.39,207.74,11.48,79.08,205.42,175.6,0
02-00614,273.89,501.22,513.04,226.67,521.71,400.84,482.47,425.87,6
02-00615,295.2,214.4,316.95,181.03,116.63,392.67,287.24,265.88,6
02-00616,363.78,313.57,523.06,435.23,354.35,445.48,410.13,424.33,7
02-00617,462.92,545.46,588.93,388.4,532.1,560.45,161.23,144.34,3
02-00618,534.07,404.68,472.57,391.69,505.9,534.68,390.05,439.65,4
02-00619,208.37,333.89,397.39,203.82,286.2,389.18,143.3,152.06,5
02-00620,261.81,195.58,450.61,212.15,200.76,284.77,209.44,198.36,3
02-00621,525.94,193.87,335.26,446.96,188.87,250.02,259.99,237.14,0
02-00622,368.65,254.2,100.2,418.94,130.71,5.21,195.86,204.28,2
02-00623,311.16,172.75,323.6,355.4,295.4,400.59,469.0,491.85,3
02-00624,174.17,226.84,314.53,141.43,159.32,292.93,458.1,425.22,6
02-00625,332.21,505.42,192.04,321.33,489.65,114.62,380.37,384.17,5
02-00626,163.0,368.65,123.67,149.58,352.26,0.26,194.04,192.3,4
02-00627,519.53,406.19,508.99,492.15,454.34,448.17,373.36,389.62,7
02-00628,535.9,322.25,557.98,646.37,423.38,602.12,118.41,116.74,7
02-00629,436.76,319.32,578.65,481.62,413.8,547.32,416.37,462.82,6
02-00630,87.96,157.02,231.37,26.76,62.04,340.71,432.41,479.32,7
02-00631,420.38,312.92,98.01,422.69,272.32,92.64,263.12,254.73,4
02-00632,429.76,183.41,456.83,477.05,125.25,450.26,429.68,406.85,1
02-00633,247.29,366.29,557.91,331.97,345.77,576.33,420.8,383.26,4
02-00634,321.35,326.0,434.8,332.89,333.91,616.29,253.0,276.88,5
02-00635,476.32,358.68,229.1,455.64,193.29,221.76,466.99,428.19,1
02-00636,564.23,300.75,190.28,570.39,111.12,54.6,222.52,210.13,5
02-00637,507.88,337.34,598.36,270.03,229.04,515.0,417.48,468.85,4
02-00638,83.12,244.75,425.83,26.18,225.58,383.52,226.56,197.36,3
02-00639,536.07,150.92,298.27,441.05,269.28,249.54,251.18,282.67,1
02-00640,259.54,424.17,202.35,240.92,477.16,87.98,220.85,237.08,1
02-00641,309.71,231.18,168.77,329.8,235.29,199.71,276.88,264.36,0
02-00642,368.67,135.21,595.79,335.07,51.18,569.64,294.17,304.61,4
02-00643,102.3,127.19,583.94,0.0,140.06,620.46,283.09,324.76,5
02-00644,233.36,345.05,313.22,345.33,200.38,418.65,272.11,245.95,0
02-00645,249.87,567.95,443.8,162.6,446.03,416.74,391.24,435.67,0
02-00646,564.8,386.72,201.62,555.23,300.96,172.32,108.82,112.65,0
02-00647,230.3,558.5,372.26,0.0,582.29,430.78,161.17,149.48,0
02-00648,457.58,452.48,193.57,331.22,383.66,184.85,351.16,349.08,4
02-00649,367.97,156.1,436.55,549.32,94.4,425.75,477.58,429.25,5
02-00650,254.1,276.06,331.23,267.11,347.33,259.54,248.97,242.7,4
02-00651,533.08,134.36,342.31,537.16,28.96,196.38,408.44,415.75,4
02-00652,176.9,104.78,455.41,188.35,24.25,527.81,290.16,303.0,4
02-00653,525.65,534.51,206.35,615.15,534.81,64.39,347.62,350.07,7
02-00654,241.81,579.24,85.72,142.77,550.25,0.0,313.07,339.19,3
02-00655,450.49,446.43,448.33,299.95,381.25,410.98,469.43,531.06,2
02-00656,258.6,149.67,477.72,316.83,68.76,545.9,453.44,487.77,3
02-00657,477.0,196.63,144.84,508.59,136.0,182.84,264.35,269.18,4
02-00658,236.97,80.74,399.66,259.57,227.76,456.09,351.03,350.12,3
02-00659,202.46,473.79,193.16,131.64,561.05,147.54,394.08,339.79,4
02-00660,302.44,350.08,459.22,314.13,390.45,509.98,250.7,215.02,7
02-00661,405.07,390.67,444.44,301.88,369.71,434.22,173.25,197.47,5
02-00662,155.36,530.89,565.25,24.33,493.77,538.88,155.3,156.62,7
02-00663,206.1,529.21,246.12,143.06,525.49,322.49,266.86,272.38,0
02-00664,262.75,84.86,114.9,313.2,26.02,83.85,471.2,474.11,1
02-00665,314.0,543.14,443.49,267.14,471.65,415.21,377.01,357.53,6
02-00666,381.79,527.91,324.01,417.3,500.72,383.36,459.57,452.68,6
02-00667,507.57,289.19,368.2,575.16,222.57,237.98,262.2,280.11,0
02-00668,586.54,89.13,279.83,541.78,100.17,154.94,386.68,400.0,7
02-00669,353.82,275.77,396.15,298.39,310.95,363.51,304.82,340.86,5
02-00670,449.6,463.87,413.42,468.15,553.97,455.39,430.38,454.02,6
02-00671,308.74,448.12,293.22,265.28,369.21,170.11,185.87,158.52,6
